time,s_right,s_left
0.00,0.000000,0.000000
0.01,0.000028,0.000028
0.02,0.000112,0.000112
0.03,0.000252,0.000252
0.04,0.000448,0.000448
0.05,0.000700,0.000700
0.06,0.001008,0.001008
0.07,0.001372,0.001372
0.08,0.001792,0.001792
0.09,0.002268,0.002268
0.10,0.002800,0.002800
0.11,0.003388,0.003388
0.12,0.004032,0.004032
0.13,0.004732,0.004732
0.14,0.005488,0.005488
0.15,0.006300,0.006300
0.16,0.007168,0.007168
0.17,0.008092,0.008092
0.18,0.009072,0.009072
0.19,0.010108,0.010108
0.20,0.011200,0.011200
0.21,0.012348,0.012348
0.22,0.013552,0.013552
0.23,0.014812,0.014812
0.24,0.016128,0.016128
0.25,0.017500,0.017500
0.26,0.018928,0.018928
0.27,0.020412,0.020412
0.28,0.021952,0.021952
0.29,0.023548,0.023548
0.30,0.025200,0.025200
0.31,0.026908,0.026908
0.32,0.028672,0.028672
0.33,0.030492,0.030492
0.34,0.032368,0.032368
0.35,0.034300,0.034300
0.36,0.036288,0.036288
0.37,0.038332,0.038332
0.38,0.040432,0.040432
0.39,0.042588,0.042588
0.40,0.044800,0.044800
0.41,0.047068,0.047068
0.42,0.049392,0.049392
0.43,0.051772,0.051772
0.44,0.054208,0.054208
0.45,0.056700,0.056700
0.46,0.059248,0.059248
0.47,0.061852,0.061852
0.48,0.064512,0.064512
0.49,0.067228,0.067228
0.50,0.070000,0.070000
0.51,0.072828,0.072828
0.52,0.075712,0.075712
0.53,0.078652,0.078652
0.54,0.081648,0.081648
0.55,0.084700,0.084700
0.56,0.087808,0.087808
0.57,0.090972,0.090972
0.58,0.094192,0.094192
0.59,0.097468,0.097468
0.60,0.100800,0.100800
0.61,0.104188,0.104188
0.62,0.107632,0.107632
0.63,0.111132,0.111132
0.64,0.114688,0.114688
0.65,0.118300,0.118300
0.66,0.121968,0.121968
0.67,0.125692,0.125692
0.68,0.129472,0.129472
0.69,0.133308,0.133308
0.70,0.137200,0.137200
0.71,0.141148,0.141148
0.72,0.145152,0.145152
0.73,0.149212,0.149212
0.74,0.153328,0.153328
0.75,0.157500,0.157500
0.76,0.161728,0.161728
0.77,0.166012,0.166012
0.78,0.170352,0.170352
0.79,0.174748,0.174748
0.80,0.179200,0.179200
0.81,0.183708,0.183708
0.82,0.188272,0.188272
0.83,0.192892,0.192892
0.84,0.197568,0.197568
0.85,0.202300,0.202300
0.86,0.207088,0.207088
0.87,0.211932,0.211932
0.88,0.216832,0.216832
0.89,0.221788,0.221788
0.90,0.226800,0.226800
0.91,0.231868,0.231868
0.92,0.236992,0.236992
0.93,0.242172,0.242172
0.94,0.247408,0.247408
0.95,0.252700,0.252700
0.96,0.258048,0.258048
0.97,0.263452,0.263452
0.98,0.268912,0.268912
0.99,0.274428,0.274428
1.00,0.280000,0.280000
1.01,0.285628,0.285628
1.02,0.291312,0.291312
1.03,0.297052,0.297052
1.04,0.302848,0.302848
1.05,0.308700,0.308700
1.06,0.314608,0.314608
1.07,0.320572,0.320572
1.08,0.326592,0.326592
1.09,0.332668,0.332668
1.10,0.338800,0.338800
1.11,0.344988,0.344988
1.12,0.351232,0.351232
1.13,0.357532,0.357532
1.14,0.363888,0.363888
1.15,0.370300,0.370300
1.16,0.376768,0.376768
1.17,0.383292,0.383292
1.18,0.389872,0.389872
1.19,0.396508,0.396508
1.20,0.403200,0.403200
1.21,0.409948,0.409948
1.22,0.416752,0.416752
1.23,0.423612,0.423612
1.24,0.430528,0.430528
1.25,0.437500,0.437500
1.26,0.444528,0.444528
1.27,0.451612,0.451612
1.28,0.458752,0.458752
1.29,0.465948,0.465948
1.30,0.473200,0.473200
1.31,0.480508,0.480508
1.32,0.487872,0.487872
1.33,0.495292,0.495292
1.34,0.502768,0.502768
1.35,0.510300,0.510300
1.36,0.517888,0.517888
1.37,0.525532,0.525532
1.38,0.533232,0.533232
1.39,0.540988,0.540988
1.40,0.548800,0.548800
1.41,0.556668,0.556668
1.42,0.564592,0.564592
1.43,0.572572,0.572572
1.44,0.580608,0.580608
1.45,0.588700,0.588700
1.46,0.596848,0.596848
1.47,0.605052,0.605052
1.48,0.613312,0.613312
1.49,0.621628,0.621628
1.50,0.630000,0.630000
1.51,0.638428,0.638428
1.52,0.646912,0.646912
1.53,0.655452,0.655452
1.54,0.664048,0.664048
1.55,0.672700,0.672700
1.56,0.681408,0.681408
1.57,0.690172,0.690172
1.58,0.698992,0.698992
1.59,0.707868,0.707868
1.60,0.716800,0.716800
1.61,0.725788,0.725788
1.62,0.734832,0.734832
1.63,0.743932,0.743932
1.64,0.753088,0.753088
1.65,0.762300,0.762300
1.66,0.771568,0.771568
1.67,0.780892,0.780892
1.68,0.790272,0.790272
1.69,0.799708,0.799708
1.70,0.809200,0.809200
1.71,0.818748,0.818748
1.72,0.828352,0.828352
1.73,0.838012,0.838012
1.74,0.847728,0.847728
1.75,0.857500,0.857500
1.76,0.867328,0.867328
1.77,0.877212,0.877212
1.78,0.887152,0.887152
1.79,0.897148,0.897148
1.80,0.907200,0.907200
1.81,0.917308,0.917308
1.82,0.927472,0.927472
1.83,0.937692,0.937692
1.84,0.947968,0.947968
1.85,0.958300,0.958300
1.86,0.968688,0.968688
1.87,0.979132,0.979132
1.88,0.989632,0.989632
1.89,1.000188,1.000188
1.90,1.010800,1.010800
1.91,1.021468,1.021468
1.92,1.032192,1.032192
1.93,1.042972,1.042972
1.94,1.053808,1.053808
1.95,1.064700,1.064700
1.96,1.075648,1.075648
1.97,1.086652,1.086652
1.98,1.097712,1.097712
1.99,1.108828,1.108828
2.00,1.120000,1.120000
2.01,1.131228,1.131228
2.02,1.142512,1.142512
2.03,1.153852,1.153852
2.04,1.165248,1.165248
2.05,1.176700,1.176700
2.06,1.188208,1.188208
2.07,1.199772,1.199772
2.08,1.211392,1.211392
2.09,1.223068,1.223068
2.10,1.234800,1.234800
2.11,1.246588,1.246588
2.12,1.258432,1.258432
2.13,1.270332,1.270332
2.14,1.282288,1.282288
2.15,1.294300,1.294300
2.16,1.306368,1.306368
2.17,1.318492,1.318492
2.18,1.330672,1.330672
2.19,1.342908,1.342908
2.20,1.355200,1.355200
2.21,1.367548,1.367548
2.22,1.379952,1.379952
2.23,1.392412,1.392412
2.24,1.404928,1.404928
2.25,1.417500,1.417500
2.26,1.430128,1.430128
2.27,1.442812,1.442812
2.28,1.455552,1.455552
2.29,1.468348,1.468348
2.30,1.481200,1.481200
2.31,1.494108,1.494108
2.32,1.507072,1.507072
2.33,1.520092,1.520092
2.34,1.533168,1.533168
2.35,1.546300,1.546300
2.36,1.559488,1.559488
2.37,1.572732,1.572732
2.38,1.586032,1.586032
2.39,1.599388,1.599388
2.40,1.612800,1.612800
2.41,1.626268,1.626268
2.42,1.639792,1.639792
2.43,1.653372,1.653372
2.44,1.667008,1.667008
2.45,1.680700,1.680700
2.46,1.694448,1.694448
2.47,1.708252,1.708252
2.48,1.722112,1.722112
2.49,1.736028,1.736028
2.50,1.750000,1.750000
2.51,1.763972,1.763972
2.52,1.777888,1.777888
2.53,1.791748,1.791748
2.54,1.805552,1.805552
2.55,1.819300,1.819300
2.56,1.832992,1.832992
2.57,1.846628,1.846628
2.58,1.860208,1.860208
2.59,1.873732,1.873732
2.60,1.887200,1.887200
2.61,1.900612,1.900612
2.62,1.913968,1.913968
2.63,1.927268,1.927268
2.64,1.940512,1.940512
2.65,1.953700,1.953700
2.66,1.966832,1.966832
2.67,1.979908,1.979908
2.68,1.992928,1.992928
2.69,2.005892,2.005892
2.70,2.018800,2.018800
2.71,2.031652,2.031652
2.72,2.044448,2.044448
2.73,2.057188,2.057188
2.74,2.069872,2.069872
2.75,2.082500,2.082500
2.76,2.095072,2.095072
2.77,2.107588,2.107588
2.78,2.120048,2.120048
2.79,2.132452,2.132452
2.80,2.144800,2.144800
2.81,2.157092,2.157092
2.82,2.169328,2.169328
2.83,2.181508,2.181508
2.84,2.193632,2.193632
2.85,2.205700,2.205700
2.86,2.217712,2.217712
2.87,2.229668,2.229668
2.88,2.241568,2.241568
2.89,2.253412,2.253412
2.90,2.265200,2.265200
2.91,2.276932,2.276932
2.92,2.288608,2.288608
2.93,2.300228,2.300228
2.94,2.311792,2.311792
2.95,2.323300,2.323300
2.96,2.334752,2.334752
2.97,2.346148,2.346148
2.98,2.357488,2.357488
2.99,2.368772,2.368772
3.00,2.380000,2.380000
3.01,2.391172,2.391172
3.02,2.402288,2.402288
3.03,2.413348,2.413348
3.04,2.424352,2.424352
3.05,2.435300,2.435300
3.06,2.446192,2.446192
3.07,2.457028,2.457028
3.08,2.467808,2.467808
3.09,2.478532,2.478532
3.10,2.489200,2.489200
3.11,2.499812,2.499812
3.12,2.510368,2.510368
3.13,2.520868,2.520868
3.14,2.531312,2.531312
3.15,2.541700,2.541700
3.16,2.552032,2.552032
3.17,2.562308,2.562308
3.18,2.572528,2.572528
3.19,2.582692,2.582692
3.20,2.592800,2.592800
3.21,2.602852,2.602852
3.22,2.612848,2.612848
3.23,2.622788,2.622788
3.24,2.632672,2.632672
3.25,2.642500,2.642500
3.26,2.652272,2.652272
3.27,2.661988,2.661988
3.28,2.671648,2.671648
3.29,2.681252,2.681252
3.30,2.690800,2.690800
3.31,2.700292,2.700292
3.32,2.709728,2.709728
3.33,2.719108,2.719108
3.34,2.728432,2.728432
3.35,2.737700,2.737700
3.36,2.746912,2.746912
3.37,2.756068,2.756068
3.38,2.765168,2.765168
3.39,2.774212,2.774212
3.40,2.783200,2.783200
3.41,2.792132,2.792132
3.42,2.801008,2.801008
3.43,2.809828,2.809828
3.44,2.818592,2.818592
3.45,2.827300,2.827300
3.46,2.835952,2.835952
3.47,2.844548,2.844548
3.48,2.853088,2.853088
3.49,2.861572,2.861572
3.50,2.870000,2.870000
3.51,2.878372,2.878372
3.52,2.886688,2.886688
3.53,2.894948,2.894948
3.54,2.903152,2.903152
3.55,2.911300,2.911300
3.56,2.919392,2.919392
3.57,2.927428,2.927428
3.58,2.935408,2.935408
3.59,2.943332,2.943332
3.60,2.951200,2.951200
3.61,2.959012,2.959012
3.62,2.966768,2.966768
3.63,2.974468,2.974468
3.64,2.982112,2.982112
3.65,2.989700,2.989700
3.66,2.997232,2.997232
3.67,3.004708,3.004708
3.68,3.012128,3.012128
3.69,3.019492,3.019492
3.70,3.026800,3.026800
3.71,3.034052,3.034052
3.72,3.041248,3.041248
3.73,3.048388,3.048388
3.74,3.055472,3.055472
3.75,3.062500,3.062500
3.76,3.069472,3.069472
3.77,3.076388,3.076388
3.78,3.083248,3.083248
3.79,3.090052,3.090052
3.80,3.096800,3.096800
3.81,3.103492,3.103492
3.82,3.110128,3.110128
3.83,3.116708,3.116708
3.84,3.123232,3.123232
3.85,3.129700,3.129700
3.86,3.136112,3.136112
3.87,3.142468,3.142468
3.88,3.148768,3.148768
3.89,3.155012,3.155012
3.90,3.161200,3.161200
3.91,3.167332,3.167332
3.92,3.173408,3.173408
3.93,3.179428,3.179428
3.94,3.185392,3.185392
3.95,3.191300,3.191300
3.96,3.197152,3.197152
3.97,3.202948,3.202948
3.98,3.208688,3.208688
3.99,3.214372,3.214372
4.00,3.220000,3.220000
4.01,3.225572,3.225572
4.02,3.231088,3.231088
4.03,3.236548,3.236548
4.04,3.241952,3.241952
4.05,3.247300,3.247300
4.06,3.252592,3.252592
4.07,3.257828,3.257828
4.08,3.263008,3.263008
4.09,3.268132,3.268132
4.10,3.273200,3.273200
4.11,3.278212,3.278212
4.12,3.283168,3.283168
4.13,3.288068,3.288068
4.14,3.292912,3.292912
4.15,3.297700,3.297700
4.16,3.302432,3.302432
4.17,3.307108,3.307108
4.18,3.311728,3.311728
4.19,3.316292,3.316292
4.20,3.320800,3.320800
4.21,3.325252,3.325252
4.22,3.329648,3.329648
4.23,3.333988,3.333988
4.24,3.338272,3.338272
4.25,3.342500,3.342500
4.26,3.346672,3.346672
4.27,3.350788,3.350788
4.28,3.354848,3.354848
4.29,3.358852,3.358852
4.30,3.362800,3.362800
4.31,3.366692,3.366692
4.32,3.370528,3.370528
4.33,3.374308,3.374308
4.34,3.378032,3.378032
4.35,3.381700,3.381700
4.36,3.385312,3.385312
4.37,3.388868,3.388868
4.38,3.392368,3.392368
4.39,3.395812,3.395812
4.40,3.399200,3.399200
4.41,3.402532,3.402532
4.42,3.405808,3.405808
4.43,3.409028,3.409028
4.44,3.412192,3.412192
4.45,3.415300,3.415300
4.46,3.418352,3.418352
4.47,3.421348,3.421348
4.48,3.424288,3.424288
4.49,3.427172,3.427172
4.50,3.430000,3.430000
4.51,3.432772,3.432772
4.52,3.435488,3.435488
4.53,3.438148,3.438148
4.54,3.440752,3.440752
4.55,3.443300,3.443300
4.56,3.445792,3.445792
4.57,3.448228,3.448228
4.58,3.450608,3.450608
4.59,3.452932,3.452932
4.60,3.455200,3.455200
4.61,3.457412,3.457412
4.62,3.459568,3.459568
4.63,3.461668,3.461668
4.64,3.463712,3.463712
4.65,3.465700,3.465700
4.66,3.467632,3.467632
4.67,3.469508,3.469508
4.68,3.471328,3.471328
4.69,3.473092,3.473092
4.70,3.474800,3.474800
4.71,3.476452,3.476452
4.72,3.478048,3.478048
4.73,3.479588,3.479588
4.74,3.481072,3.481072
4.75,3.482500,3.482500
4.76,3.483872,3.483872
4.77,3.485188,3.485188
4.78,3.486448,3.486448
4.79,3.487652,3.487652
4.80,3.488800,3.488800
4.81,3.489892,3.489892
4.82,3.490928,3.490928
4.83,3.491908,3.491908
4.84,3.492832,3.492832
4.85,3.493700,3.493700
4.86,3.494512,3.494512
4.87,3.495268,3.495268
4.88,3.495968,3.495968
4.89,3.496612,3.496612
4.90,3.497200,3.497200
4.91,3.497732,3.497732
4.92,3.498208,3.498208
4.93,3.498628,3.498628
4.94,3.498992,3.498992
4.95,3.499300,3.499300
4.96,3.499552,3.499552
4.97,3.499748,3.499748
4.98,3.499888,3.499888
4.99,3.499972,3.499972
5.00,3.500000,3.500000
5.01,3.500029,3.500022
5.02,3.500118,3.500087
5.03,3.500265,3.500196
5.04,3.500472,3.500349
5.05,3.500737,3.500545
5.06,3.501062,3.500785
5.07,3.501445,3.501068
5.08,3.501888,3.501395
5.09,3.502389,3.501766
5.10,3.502949,3.502180
5.11,3.503569,3.502638
5.12,3.504247,3.503139
5.13,3.504984,3.503684
5.14,3.505781,3.504273
5.15,3.506636,3.504905
5.16,3.507550,3.505580
5.17,3.508523,3.506300
5.18,3.509556,3.507063
5.19,3.510647,3.507869
5.20,3.511797,3.508720
5.21,3.513006,3.509613
5.22,3.514274,3.510551
5.23,3.515602,3.511532
5.24,3.516988,3.512556
5.25,3.518433,3.513624
5.26,3.519937,3.514736
5.27,3.521500,3.515891
5.28,3.523122,3.517090
5.29,3.524803,3.518333
5.30,3.526543,3.519619
5.31,3.528342,3.520949
5.32,3.530200,3.522322
5.33,3.532117,3.523739
5.34,3.534093,3.525199
5.35,3.536128,3.526704
5.36,3.538222,3.528251
5.37,3.540375,3.529843
5.38,3.542587,3.531477
5.39,3.544858,3.533156
5.40,3.547188,3.534878
5.41,3.549577,3.536644
5.42,3.552025,3.538453
5.43,3.554532,3.540306
5.44,3.557098,3.542202
5.45,3.559722,3.544143
5.46,3.562406,3.546126
5.47,3.565149,3.548154
5.48,3.567951,3.550224
5.49,3.570812,3.552339
5.50,3.573731,3.554497
5.51,3.576710,3.556699
5.52,3.579748,3.558944
5.53,3.582845,3.561233
5.54,3.586000,3.563565
5.55,3.589215,3.565941
5.56,3.592489,3.568361
5.57,3.595821,3.570824
5.58,3.599213,3.573331
5.59,3.602664,3.575882
5.60,3.606173,3.578476
5.61,3.609742,3.581113
5.62,3.613369,3.583795
5.63,3.617056,3.586519
5.64,3.620802,3.589288
5.65,3.624606,3.592100
5.66,3.628470,3.594956
5.67,3.632392,3.597855
5.68,3.636374,3.600798
5.69,3.640414,3.603784
5.70,3.644514,3.606814
5.71,3.648672,3.609888
5.72,3.652889,3.613005
5.73,3.657166,3.616166
5.74,3.661501,3.619370
5.75,3.665896,3.622618
5.76,3.670349,3.625910
5.77,3.674861,3.629245
5.78,3.679433,3.632624
5.79,3.684063,3.636046
5.80,3.688752,3.639512
5.81,3.693501,3.643022
5.82,3.698308,3.646575
5.83,3.703174,3.650172
5.84,3.708100,3.653812
5.85,3.713084,3.657496
5.86,3.718127,3.661224
5.87,3.723229,3.664995
5.88,3.728390,3.668810
5.89,3.733611,3.672668
5.90,3.738890,3.676570
5.91,3.744228,3.680516
5.92,3.749625,3.684505
5.93,3.755081,3.688538
5.94,3.760596,3.692614
5.95,3.766170,3.696734
5.96,3.771804,3.700898
5.97,3.777496,3.705105
5.98,3.783247,3.709356
5.99,3.789057,3.713650
6.00,3.794926,3.717988
6.01,3.800854,3.722370
6.02,3.806841,3.726795
6.03,3.812887,3.731263
6.04,3.818992,3.735776
6.05,3.825156,3.740332
6.06,3.831379,3.744931
6.07,3.837660,3.749574
6.08,3.844001,3.754261
6.09,3.850401,3.758992
6.10,3.856860,3.763765
6.11,3.863378,3.768583
6.12,3.869955,3.773444
6.13,3.876591,3.778349
6.14,3.883285,3.783297
6.15,3.890039,3.788289
6.16,3.896852,3.793325
6.17,3.903724,3.798404
6.18,3.910655,3.803526
6.19,3.917644,3.808693
6.20,3.924693,3.813903
6.21,3.931801,3.819156
6.22,3.938967,3.824453
6.23,3.946193,3.829794
6.24,3.953478,3.835178
6.25,3.960821,3.840606
6.26,3.968224,3.846078
6.27,3.975686,3.851593
6.28,3.983206,3.857152
6.29,3.990786,3.862754
6.30,3.998424,3.868400
6.31,4.006122,3.874089
6.32,4.013879,3.879822
6.33,4.021694,3.885599
6.34,4.029569,3.891419
6.35,4.037502,3.897283
6.36,4.045495,3.903191
6.37,4.053546,3.909142
6.38,4.061657,3.915136
6.39,4.069826,3.921175
6.40,4.078054,3.927256
6.41,4.086342,3.933382
6.42,4.094688,3.939551
6.43,4.103094,3.945764
6.44,4.111558,3.952020
6.45,4.120081,3.958320
6.46,4.128664,3.964663
6.47,4.137305,3.971050
6.48,4.146005,3.977481
6.49,4.154765,3.983955
6.50,4.163583,3.990473
6.51,4.172460,3.997034
6.52,4.181396,4.003639
6.53,4.190392,4.010288
6.54,4.199446,4.016980
6.55,4.208559,4.023716
6.56,4.217731,4.030496
6.57,4.226962,4.037319
6.58,4.236253,4.044185
6.59,4.245602,4.051095
6.60,4.255010,4.058049
6.61,4.264477,4.065047
6.62,4.274003,4.072088
6.63,4.283588,4.079172
6.64,4.293232,4.086301
6.65,4.302935,4.093472
6.66,4.312697,4.100688
6.67,4.322518,4.107947
6.68,4.332398,4.115249
6.69,4.342337,4.122596
6.70,4.352335,4.129985
6.71,4.362392,4.137419
6.72,4.372508,4.144896
6.73,4.382683,4.152416
6.74,4.392917,4.159980
6.75,4.403210,4.167588
6.76,4.413503,4.175196
6.77,4.423737,4.182760
6.78,4.433912,4.190281
6.79,4.444028,4.197758
6.80,4.454085,4.205191
6.81,4.464083,4.212581
6.82,4.474022,4.219927
6.83,4.483902,4.227230
6.84,4.493723,4.234489
6.85,4.503485,4.241704
6.86,4.513188,4.248876
6.87,4.522832,4.256004
6.88,4.532417,4.263089
6.89,4.541943,4.270130
6.90,4.551410,4.277127
6.91,4.560818,4.284081
6.92,4.570167,4.290991
6.93,4.579458,4.297858
6.94,4.588689,4.304681
6.95,4.597861,4.311460
6.96,4.606974,4.318196
6.97,4.616028,4.324888
6.98,4.625024,4.331537
6.99,4.633960,4.338142
7.00,4.642837,4.344704
7.01,4.651655,4.351221
7.02,4.660415,4.357696
7.03,4.669115,4.364126
7.04,4.677756,4.370513
7.05,4.686339,4.376857
7.06,4.694862,4.383157
7.07,4.703326,4.389413
7.08,4.711732,4.395625
7.09,4.720078,4.401795
7.10,4.728366,4.407920
7.11,4.736594,4.414002
7.12,4.744763,4.420040
7.13,4.752874,4.426035
7.14,4.760925,4.431986
7.15,4.768918,4.437893
7.16,4.776851,4.443757
7.17,4.784726,4.449578
7.18,4.792541,4.455354
7.19,4.800298,4.461087
7.20,4.807996,4.466777
7.21,4.815634,4.472423
7.22,4.823214,4.478025
7.23,4.830734,4.483584
7.24,4.838196,4.489099
7.25,4.845599,4.494570
7.26,4.852942,4.499998
7.27,4.860227,4.505382
7.28,4.867453,4.510723
7.29,4.874619,4.516020
7.30,4.881727,4.521274
7.31,4.888776,4.526484
7.32,4.895765,4.531650
7.33,4.902696,4.536773
7.34,4.909568,4.541852
7.35,4.916381,4.546887
7.36,4.923135,4.551879
7.37,4.929829,4.556828
7.38,4.936465,4.561732
7.39,4.943042,4.566593
7.40,4.949560,4.571411
7.41,4.956019,4.576185
7.42,4.962419,4.580915
7.43,4.968760,4.585602
7.44,4.975041,4.590245
7.45,4.981264,4.594845
7.46,4.987428,4.599401
7.47,4.993533,4.603913
7.48,4.999579,4.608382
7.49,5.005566,4.612807
7.50,5.011494,4.617189
7.51,5.017363,4.621526
7.52,5.023173,4.625821
7.53,5.028924,4.630072
7.54,5.034616,4.634279
7.55,5.040250,4.638442
7.56,5.045824,4.642562
7.57,5.051339,4.646639
7.58,5.056795,4.650671
7.59,5.062192,4.654661
7.60,5.067530,4.658606
7.61,5.072809,4.662508
7.62,5.078030,4.666367
7.63,5.083191,4.670181
7.64,5.088293,4.673953
7.65,5.093336,4.677680
7.66,5.098320,4.681364
7.67,5.103246,4.685005
7.68,5.108112,4.688601
7.69,5.112919,4.692155
7.70,5.117668,4.695664
7.71,5.122357,4.699130
7.72,5.126987,4.702553
7.73,5.131559,4.705931
7.74,5.136071,4.709267
7.75,5.140524,4.712558
7.76,5.144919,4.715806
7.77,5.149254,4.719011
7.78,5.153531,4.722172
7.79,5.157748,4.725289
7.80,5.161906,4.728362
7.81,5.166006,4.731392
7.82,5.170046,4.734379
7.83,5.174028,4.737322
7.84,5.177950,4.740221
7.85,5.181814,4.743077
7.86,5.185618,4.745889
7.87,5.189364,4.748657
7.88,5.193051,4.751382
7.89,5.196678,4.754063
7.90,5.200247,4.756701
7.91,5.203756,4.759295
7.92,5.207207,4.761845
7.93,5.210599,4.764352
7.94,5.213931,4.766815
7.95,5.217205,4.769235
7.96,5.220420,4.771611
7.97,5.223575,4.773944
7.98,5.226672,4.776233
7.99,5.229710,4.778478
8.00,5.232689,4.780680
8.01,5.235608,4.782838
8.02,5.238469,4.784952
8.03,5.241271,4.787023
8.04,5.244014,4.789050
8.05,5.246698,4.791034
8.06,5.249322,4.792974
8.07,5.251888,4.794871
8.08,5.254395,4.796723
8.09,5.256843,4.798533
8.10,5.259232,4.800298
8.11,5.261562,4.802021
8.12,5.263833,4.803699
8.13,5.266045,4.805334
8.14,5.268198,4.806925
8.15,5.270292,4.808473
8.16,5.272327,4.809977
8.17,5.274303,4.811438
8.18,5.276220,4.812855
8.19,5.278078,4.814228
8.20,5.279877,4.815558
8.21,5.281617,4.816844
8.22,5.283298,4.818086
8.23,5.284920,4.819285
8.24,5.286483,4.820441
8.25,5.287987,4.821552
8.26,5.289432,4.822620
8.27,5.290818,4.823645
8.28,5.292146,4.824626
8.29,5.293414,4.825563
8.30,5.294623,4.826457
8.31,5.295773,4.827307
8.32,5.296864,4.828114
8.33,5.297897,4.828877
8.34,5.298870,4.829596
8.35,5.299784,4.830272
8.36,5.300639,4.830904
8.37,5.301436,4.831493
8.38,5.302173,4.832037
8.39,5.302851,4.832539
8.40,5.303471,4.832997
8.41,5.304031,4.833411
8.42,5.304532,4.833781
8.43,5.304975,4.834108
8.44,5.305358,4.834392
8.45,5.305683,4.834632
8.46,5.305948,4.834828
8.47,5.306155,4.834980
8.48,5.306302,4.835089
8.49,5.306391,4.835155
8.50,5.306420,4.835177
8.51,5.306443,4.835199
8.52,5.306510,4.835267
8.53,5.306623,4.835379
8.54,5.306780,4.835537
8.55,5.306983,4.835739
8.56,5.307230,4.835987
8.57,5.307523,4.836279
8.58,5.307860,4.836617
8.59,5.308243,4.836999
8.60,5.308670,4.837427
8.61,5.309143,4.837899
8.62,5.309660,4.838417
8.63,5.310223,4.838979
8.64,5.310830,4.839587
8.65,5.311483,4.840239
8.66,5.312180,4.840937
8.67,5.312923,4.841679
8.68,5.313710,4.842467
8.69,5.314543,4.843299
8.70,5.315420,4.844177
8.71,5.316343,4.845099
8.72,5.317310,4.846067
8.73,5.318323,4.847079
8.74,5.319380,4.848137
8.75,5.320483,4.849239
8.76,5.321630,4.850387
8.77,5.322823,4.851579
8.78,5.324060,4.852817
8.79,5.325343,4.854099
8.80,5.326670,4.855427
8.81,5.328043,4.856799
8.82,5.329460,4.858217
8.83,5.330923,4.859679
8.84,5.332430,4.861187
8.85,5.333983,4.862739
8.86,5.335580,4.864337
8.87,5.337223,4.865979
8.88,5.338910,4.867667
8.89,5.340643,4.869399
8.90,5.342420,4.871177
8.91,5.344243,4.872999
8.92,5.346110,4.874867
8.93,5.348023,4.876779
8.94,5.349980,4.878737
8.95,5.351983,4.880739
8.96,5.354030,4.882787
8.97,5.356123,4.884879
8.98,5.358260,4.887017
8.99,5.360443,4.889199
9.00,5.362670,4.891427
9.01,5.364943,4.893699
9.02,5.367260,4.896017
9.03,5.369623,4.898379
9.04,5.372030,4.900787
9.05,5.374483,4.903239
9.06,5.376980,4.905737
9.07,5.379523,4.908279
9.08,5.382110,4.910867
9.09,5.384743,4.913499
9.10,5.387420,4.916177
9.11,5.390143,4.918899
9.12,5.392910,4.921667
9.13,5.395723,4.924479
9.14,5.398580,4.927337
9.15,5.401483,4.930239
9.16,5.404430,4.933187
9.17,5.407423,4.936179
9.18,5.410460,4.939217
9.19,5.413543,4.942299
9.20,5.416670,4.945427
9.21,5.419843,4.948599
9.22,5.423060,4.951817
9.23,5.426323,4.955079
9.24,5.429630,4.958387
9.25,5.432983,4.961739
9.26,5.436380,4.965137
9.27,5.439823,4.968579
9.28,5.443310,4.972067
9.29,5.446843,4.975599
9.30,5.450420,4.979177
9.31,5.454043,4.982799
9.32,5.457710,4.986467
9.33,5.461423,4.990179
9.34,5.465180,4.993937
9.35,5.468983,4.997739
9.36,5.472830,5.001587
9.37,5.476723,5.005479
9.38,5.480660,5.009417
9.39,5.484643,5.013399
9.40,5.488670,5.017427
9.41,5.492743,5.021499
9.42,5.496860,5.025617
9.43,5.501023,5.029779
9.44,5.505230,5.033987
9.45,5.509483,5.038239
9.46,5.513780,5.042537
9.47,5.518123,5.046879
9.48,5.522510,5.051267
9.49,5.526943,5.055699
9.50,5.531420,5.060177
9.51,5.535943,5.064699
9.52,5.540510,5.069267
9.53,5.545123,5.073879
9.54,5.549780,5.078537
9.55,5.554483,5.083239
9.56,5.559230,5.087987
9.57,5.564023,5.092779
9.58,5.568860,5.097616
9.59,5.573743,5.102499
9.60,5.578670,5.107426
9.61,5.583643,5.112399
9.62,5.588660,5.117417
9.63,5.593723,5.122479
9.64,5.598830,5.127587
9.65,5.603983,5.132739
9.66,5.609180,5.137937
9.67,5.614423,5.143179
9.68,5.619710,5.148466
9.69,5.625043,5.153799
9.70,5.630420,5.159177
9.71,5.635843,5.164599
9.72,5.641310,5.170066
9.73,5.646823,5.175579
9.74,5.652380,5.181137
9.75,5.657983,5.186739
9.76,5.663630,5.192387
9.77,5.669323,5.198079
9.78,5.675060,5.203816
9.79,5.680843,5.209599
9.80,5.686670,5.215426
9.81,5.692543,5.221299
9.82,5.698460,5.227216
9.83,5.704423,5.233179
9.84,5.710430,5.239186
9.85,5.716483,5.245239
9.86,5.722580,5.251336
9.87,5.728723,5.257479
9.88,5.734910,5.263667
9.89,5.741143,5.269899
9.90,5.747420,5.276177
9.91,5.753743,5.282499
9.92,5.760110,5.288866
9.93,5.766523,5.295279
9.94,5.772980,5.301736
9.95,5.779483,5.308239
9.96,5.786030,5.314786
9.97,5.792623,5.321379
9.98,5.799260,5.328016
9.99,5.805943,5.334699
10.00,5.812670,5.341426
10.01,5.819443,5.348199
10.02,5.826260,5.355016
10.03,5.833123,5.361879
10.04,5.840030,5.368787
10.05,5.846983,5.375739
10.06,5.853980,5.382737
10.07,5.861023,5.389779
10.08,5.868110,5.396866
10.09,5.875243,5.403999
10.10,5.882420,5.411176
10.11,5.889643,5.418399
10.12,5.896910,5.425667
10.13,5.904223,5.432979
10.14,5.911580,5.440337
10.15,5.918983,5.447739
10.16,5.926430,5.455186
10.17,5.933923,5.462679
10.18,5.941460,5.470216
10.19,5.949043,5.477799
10.20,5.956670,5.485426
10.21,5.964343,5.493099
10.22,5.972060,5.500816
10.23,5.979823,5.508579
10.24,5.987630,5.516387
10.25,5.995483,5.524239
10.26,6.003380,5.532137
10.27,6.011323,5.540079
10.28,6.019310,5.548066
10.29,6.027343,5.556099
10.30,6.035420,5.564177
10.31,6.043543,5.572299
10.32,6.051710,5.580466
10.33,6.059923,5.588679
10.34,6.068180,5.596936
10.35,6.076483,5.605239
10.36,6.084830,5.613587
10.37,6.093223,5.621979
10.38,6.101660,5.630417
10.39,6.110143,5.638899
10.40,6.118670,5.647426
10.41,6.127243,5.655999
10.42,6.135860,5.664616
10.43,6.144523,5.673279
10.44,6.153230,5.681986
10.45,6.161983,5.690739
10.46,6.170780,5.699537
10.47,6.179623,5.708379
10.48,6.188510,5.717267
10.49,6.197443,5.726199
10.50,6.206420,5.735177
10.51,6.215398,5.744154
10.52,6.224330,5.753087
10.53,6.233218,5.761974
10.54,6.242060,5.770817
10.55,6.250858,5.779614
10.56,6.259610,5.788367
10.57,6.268318,5.797074
10.58,6.276980,5.805737
10.59,6.285598,5.814354
10.60,6.294170,5.822927
10.61,6.302698,5.831454
10.62,6.311180,5.839937
10.63,6.319618,5.848374
10.64,6.328010,5.856767
10.65,6.336358,5.865114
10.66,6.344660,5.873417
10.67,6.352918,5.881674
10.68,6.361130,5.889887
10.69,6.369298,5.898054
10.70,6.377420,5.906177
10.71,6.385498,5.914254
10.72,6.393530,5.922287
10.73,6.401518,5.930274
10.74,6.409460,5.938217
10.75,6.417358,5.946114
10.76,6.425210,5.953967
10.77,6.433018,5.961774
10.78,6.440780,5.969537
10.79,6.448498,5.977254
10.80,6.456170,5.984927
10.81,6.463798,5.992554
10.82,6.471380,6.000137
10.83,6.478918,6.007674
10.84,6.486410,6.015167
10.85,6.493858,6.022614
10.86,6.501260,6.030017
10.87,6.508618,6.037374
10.88,6.515930,6.044687
10.89,6.523198,6.051954
10.90,6.530420,6.059177
10.91,6.537598,6.066354
10.92,6.544730,6.073487
10.93,6.551818,6.080574
10.94,6.558860,6.087617
10.95,6.565858,6.094614
10.96,6.572810,6.101567
10.97,6.579718,6.108474
10.98,6.586580,6.115337
10.99,6.593398,6.122154
11.00,6.600170,6.128927
11.01,6.606898,6.135654
11.02,6.613580,6.142337
11.03,6.620218,6.148974
11.04,6.626810,6.155567
11.05,6.633358,6.162114
11.06,6.639860,6.168617
11.07,6.646318,6.175074
11.08,6.652730,6.181487
11.09,6.659098,6.187854
11.10,6.665420,6.194177
11.11,6.671698,6.200454
11.12,6.677930,6.206687
11.13,6.684118,6.212874
11.14,6.690260,6.219017
11.15,6.696358,6.225114
11.16,6.702410,6.231167
11.17,6.708418,6.237174
11.18,6.714380,6.243137
11.19,6.720298,6.249054
11.20,6.726170,6.254927
11.21,6.731998,6.260754
11.22,6.737780,6.266537
11.23,6.743518,6.272274
11.24,6.749210,6.277967
11.25,6.754858,6.283614
11.26,6.760460,6.289217
11.27,6.766018,6.294774
11.28,6.771530,6.300287
11.29,6.776998,6.305754
11.30,6.782420,6.311177
11.31,6.787798,6.316554
11.32,6.793130,6.321887
11.33,6.798418,6.327174
11.34,6.803660,6.332417
11.35,6.808858,6.337614
11.36,6.814010,6.342767
11.37,6.819118,6.347874
11.38,6.824180,6.352937
11.39,6.829198,6.357954
11.40,6.834170,6.362927
11.41,6.839098,6.367854
11.42,6.843980,6.372737
11.43,6.848818,6.377574
11.44,6.853610,6.382367
11.45,6.858358,6.387114
11.46,6.863060,6.391817
11.47,6.867718,6.396474
11.48,6.872330,6.401087
11.49,6.876898,6.405654
11.50,6.881420,6.410177
11.51,6.885898,6.414654
11.52,6.890330,6.419087
11.53,6.894718,6.423474
11.54,6.899060,6.427817
11.55,6.903358,6.432114
11.56,6.907610,6.436367
11.57,6.911818,6.440574
11.58,6.915980,6.444737
11.59,6.920098,6.448854
11.60,6.924170,6.452927
11.61,6.928198,6.456954
11.62,6.932180,6.460937
11.63,6.936118,6.464874
11.64,6.940010,6.468767
11.65,6.943858,6.472614
11.66,6.947660,6.476417
11.67,6.951418,6.480174
11.68,6.955130,6.483887
11.69,6.958798,6.487554
11.70,6.962420,6.491177
11.71,6.965998,6.494754
11.72,6.969530,6.498287
11.73,6.973018,6.501774
11.74,6.976460,6.505217
11.75,6.979858,6.508614
11.76,6.983210,6.511967
11.77,6.986518,6.515274
11.78,6.989780,6.518537
11.79,6.992998,6.521754
11.80,6.996170,6.524927
11.81,6.999298,6.528054
11.82,7.002380,6.531137
11.83,7.005418,6.534174
11.84,7.008410,6.537167
11.85,7.011358,6.540114
11.86,7.014260,6.543017
11.87,7.017118,6.545874
11.88,7.019930,6.548687
11.89,7.022698,6.551454
11.90,7.025420,6.554177
11.91,7.028098,6.556854
11.92,7.030730,6.559487
11.93,7.033318,6.562074
11.94,7.035860,6.564617
11.95,7.038358,6.567114
11.96,7.040810,6.569567
11.97,7.043218,6.571974
11.98,7.045580,6.574337
11.99,7.047898,6.576654
12.00,7.050170,6.578927
12.01,7.052398,6.581154
12.02,7.054580,6.583337
12.03,7.056718,6.585474
12.04,7.058810,6.587567
12.05,7.060858,6.589614
12.06,7.062860,6.591617
12.07,7.064818,6.593574
12.08,7.066730,6.595486
12.09,7.068598,6.597354
12.10,7.070420,6.599177
12.11,7.072198,6.600954
12.12,7.073930,6.602687
12.13,7.075618,6.604374
12.14,7.077260,6.606017
12.15,7.078858,6.607614
12.16,7.080410,6.609167
12.17,7.081918,6.610674
12.18,7.083380,6.612137
12.19,7.084798,6.613554
12.20,7.086170,6.614927
12.21,7.087498,6.616254
12.22,7.088780,6.617537
12.23,7.090018,6.618774
12.24,7.091210,6.619967
12.25,7.092358,6.621114
12.26,7.093460,6.622217
12.27,7.094518,6.623274
12.28,7.095530,6.624287
12.29,7.096498,6.625254
12.30,7.097420,6.626177
12.31,7.098298,6.627054
12.32,7.099130,6.627886
12.33,7.099918,6.628674
12.34,7.100660,6.629417
12.35,7.101358,6.630114
12.36,7.102010,6.630767
12.37,7.102618,6.631374
12.38,7.103180,6.631937
12.39,7.103698,6.632454
12.40,7.104170,6.632927
12.41,7.104598,6.633354
12.42,7.104980,6.633737
12.43,7.105318,6.634074
12.44,7.105610,6.634366
12.45,7.105858,6.634614
12.46,7.106060,6.634817
12.47,7.106218,6.634974
12.48,7.106330,6.635087
12.49,7.106398,6.635154
12.50,7.106420,6.635177
12.51,7.106453,6.635194
12.52,7.106551,6.635247
12.53,7.106714,6.635335
12.54,7.106943,6.635458
12.55,7.107237,6.635616
12.56,7.107596,6.635810
12.57,7.108021,6.636039
12.58,7.108511,6.636302
12.59,7.109066,6.636602
12.60,7.109687,6.636936
12.61,7.110373,6.637305
12.62,7.111125,6.637710
12.63,7.111942,6.638150
12.64,7.112824,6.638625
12.65,7.113771,6.639135
12.66,7.114784,6.639680
12.67,7.115862,6.640261
12.68,7.117006,6.640877
12.69,7.118215,6.641528
12.70,7.119489,6.642214
12.71,7.120829,6.642935
12.72,7.122234,6.643691
12.73,7.123704,6.644483
12.74,7.125239,6.645310
12.75,7.126840,6.646172
12.76,7.128507,6.647069
12.77,7.130238,6.648002
12.78,7.132035,6.648969
12.79,7.133898,6.649972
12.80,7.135825,6.651010
12.81,7.137818,6.652083
12.82,7.139877,6.653192
12.83,7.142000,6.654335
12.84,7.144189,6.655514
12.85,7.146444,6.656728
12.86,7.148764,6.657977
12.87,7.151149,6.659261
12.88,7.153599,6.660581
12.89,7.156115,6.661935
12.90,7.158696,6.663325
12.91,7.161343,6.664750
12.92,7.164054,6.666210
12.93,7.166832,6.667706
12.94,7.169674,6.669236
12.95,7.172582,6.670802
12.96,7.175555,6.672403
12.97,7.178594,6.674039
12.98,7.181698,6.675711
12.99,7.184867,6.677417
13.00,7.188101,6.679159
13.01,7.191401,6.680936
13.02,7.194767,6.682748
13.03,7.198197,6.684595
13.04,7.201693,6.686477
13.05,7.205254,6.688395
13.06,7.208881,6.690348
13.07,7.212573,6.692336
13.08,7.216330,6.694359
13.09,7.220153,6.696417
13.10,7.224041,6.698511
13.11,7.227995,6.700640
13.12,7.232013,6.702804
13.13,7.236097,6.705003
13.14,7.240247,6.707237
13.15,7.244462,6.709507
13.16,7.248742,6.711811
13.17,7.253087,6.714151
13.18,7.257498,6.716526
13.19,7.261974,6.718936
13.20,7.266516,6.721382
13.21,7.271122,6.723862
13.22,7.275795,6.726378
13.23,7.280532,6.728929
13.24,7.285335,6.731515
13.25,7.290203,6.734137
13.26,7.295137,6.736793
13.27,7.300136,6.739485
13.28,7.305200,6.742212
13.29,7.310329,6.744974
13.30,7.315524,6.747771
13.31,7.320785,6.750604
13.32,7.326110,6.753471
13.33,7.331501,6.756374
13.34,7.336958,6.759312
13.35,7.342479,6.762285
13.36,7.348066,6.765294
13.37,7.353719,6.768337
13.38,7.359436,6.771416
13.39,7.365219,6.774530
13.40,7.371068,6.777679
13.41,7.376981,6.780863
13.42,7.382961,6.784083
13.43,7.389005,6.787338
13.44,7.395115,6.790628
13.45,7.401290,6.793953
13.46,7.407530,6.797313
13.47,7.413836,6.800708
13.48,7.420207,6.804139
13.49,7.426644,6.807605
13.50,7.433146,6.811106
13.51,7.439713,6.814642
13.52,7.446345,6.818213
13.53,7.453043,6.821820
13.54,7.459806,6.825462
13.55,7.466635,6.829138
13.56,7.473529,6.832851
13.57,7.480488,6.836598
13.58,7.487513,6.840380
13.59,7.494603,6.844198
13.60,7.501758,6.848051
13.61,7.508979,6.851939
13.62,7.516265,6.855862
13.63,7.523616,6.859820
13.64,7.531033,6.863814
13.65,7.538515,6.867843
13.66,7.546062,6.871907
13.67,7.553675,6.876006
13.68,7.561353,6.880140
13.69,7.569096,6.884310
13.70,7.576905,6.888515
13.71,7.584779,6.892754
13.72,7.592718,6.897030
13.73,7.600723,6.901340
13.74,7.608793,6.905685
13.75,7.616929,6.910066
13.76,7.625064,6.914447
13.77,7.633134,6.918792
13.78,7.641139,6.923102
13.79,7.649079,6.927377
13.80,7.656953,6.931617
13.81,7.664761,6.935822
13.82,7.672505,6.939991
13.83,7.680183,6.944126
13.84,7.687796,6.948225
13.85,7.695343,6.952289
13.86,7.702825,6.956318
13.87,7.710242,6.960311
13.88,7.717593,6.964270
13.89,7.724879,6.968193
13.90,7.732100,6.972081
13.91,7.739255,6.975934
13.92,7.746345,6.979751
13.93,7.753369,6.983534
13.94,7.760329,6.987281
13.95,7.767223,6.990993
13.96,7.774051,6.994670
13.97,7.780814,6.998312
13.98,7.787512,7.001919
13.99,7.794145,7.005490
14.00,7.800712,7.009026
14.01,7.807214,7.012527
14.02,7.813650,7.015993
14.03,7.820021,7.019423
14.04,7.826327,7.022819
14.05,7.832568,7.026179
14.06,7.838743,7.029504
14.07,7.844853,7.032794
14.08,7.850897,7.036049
14.09,7.856876,7.039268
14.10,7.862790,7.042453
14.11,7.868638,7.045602
14.12,7.874421,7.048716
14.13,7.880139,7.051794
14.14,7.885791,7.054838
14.15,7.891378,7.057846
14.16,7.896900,7.060820
14.17,7.902356,7.063758
14.18,7.907747,7.066660
14.19,7.913073,7.069528
14.20,7.918333,7.072361
14.21,7.923528,7.075158
14.22,7.928658,7.077920
14.23,7.933722,7.080647
14.24,7.938721,7.083339
14.25,7.943654,7.085995
14.26,7.948523,7.088616
14.27,7.953325,7.091203
14.28,7.958063,7.093754
14.29,7.962735,7.096269
14.30,7.967342,7.098750
14.31,7.971883,7.101195
14.32,7.976360,7.103606
14.33,7.980770,7.105981
14.34,7.985116,7.108320
14.35,7.989396,7.110625
14.36,7.993611,7.112895
14.37,7.997760,7.115129
14.38,8.001844,7.117328
14.39,8.005863,7.119492
14.40,8.009816,7.121621
14.41,8.013704,7.123714
14.42,8.017527,7.125773
14.43,8.021284,7.127796
14.44,8.024976,7.129784
14.45,8.028603,7.131737
14.46,8.032164,7.133654
14.47,8.035660,7.135537
14.48,8.039091,7.137384
14.49,8.042456,7.139196
14.50,8.045756,7.140973
14.51,8.048991,7.142715
14.52,8.052160,7.144421
14.53,8.055264,7.146092
14.54,8.058302,7.147729
14.55,8.061276,7.149330
14.56,8.064183,7.150895
14.57,8.067026,7.152426
14.58,8.069803,7.153921
14.59,8.072515,7.155382
14.60,8.075161,7.156807
14.61,8.077743,7.158196
14.62,8.080258,7.159551
14.63,8.082709,7.160871
14.64,8.085094,7.162155
14.65,8.087414,7.163404
14.66,8.089668,7.164618
14.67,8.091857,7.165797
14.68,8.093981,7.166940
14.69,8.096039,7.168048
14.70,8.098032,7.169122
14.71,8.099960,7.170160
14.72,8.101822,7.171162
14.73,8.103619,7.172130
14.74,8.105351,7.173062
14.75,8.107017,7.173960
14.76,8.108618,7.174822
14.77,8.110154,7.175649
14.78,8.111624,7.176440
14.79,8.113029,7.177197
14.80,8.114368,7.177918
14.81,8.115643,7.178604
14.82,8.116852,7.179255
14.83,8.117995,7.179871
14.84,8.119073,7.180451
14.85,8.120086,7.180997
14.86,8.121034,7.181507
14.87,8.121916,7.181982
14.88,8.122733,7.182422
14.89,8.123484,7.182827
14.90,8.124170,7.183196
14.91,8.124791,7.183530
14.92,8.125346,7.183829
14.93,8.125837,7.184093
14.94,8.126261,7.184322
14.95,8.126621,7.184515
14.96,8.126915,7.184674
14.97,8.127143,7.184797
14.98,8.127307,7.184885
14.99,8.127405,7.184938
15.00,8.127438,7.184955
15.01,8.127460,7.184977
15.02,8.127526,7.185044
15.03,8.127638,7.185155
15.04,8.127793,7.185311
15.05,8.127993,7.185511
15.06,8.128238,7.185755
15.07,8.128526,7.186044
15.08,8.128860,7.186377
15.09,8.129238,7.186755
15.10,8.129660,7.187177
15.11,8.130126,7.187644
15.12,8.130638,7.188155
15.13,8.131193,7.188711
15.14,8.131793,7.189311
15.15,8.132438,7.189955
15.16,8.133126,7.190644
15.17,8.133860,7.191378
15.18,8.134638,7.192155
15.19,8.135460,7.192978
15.20,8.136326,7.193844
15.21,8.137238,7.194755
15.22,8.138193,7.195711
15.23,8.139193,7.196711
15.24,8.140238,7.197755
15.25,8.141326,7.198844
15.26,8.142460,7.199978
15.27,8.143638,7.201155
15.28,8.144860,7.202378
15.29,8.146126,7.203644
15.30,8.147438,7.204955
15.31,8.148793,7.206311
15.32,8.150193,7.207711
15.33,8.151638,7.209155
15.34,8.153127,7.210644
15.35,8.154660,7.212178
15.36,8.156238,7.213755
15.37,8.157860,7.215378
15.38,8.159527,7.217044
15.39,8.161238,7.218755
15.40,8.162993,7.220511
15.41,8.164793,7.222311
15.42,8.166638,7.224155
15.43,8.168527,7.226044
15.44,8.170460,7.227978
15.45,8.172438,7.229955
15.46,8.174460,7.231978
15.47,8.176527,7.234044
15.48,8.178638,7.236156
15.49,8.180793,7.238311
15.50,8.182993,7.240511
15.51,8.185238,7.242756
15.52,8.187527,7.245044
15.53,8.189860,7.247378
15.54,8.192238,7.249756
15.55,8.194660,7.252178
15.56,8.197127,7.254644
15.57,8.199638,7.257156
15.58,8.202193,7.259711
15.59,8.204793,7.262311
15.60,8.207438,7.264956
15.61,8.210127,7.267645
15.62,8.212860,7.270378
15.63,8.215638,7.273156
15.64,8.218460,7.275978
15.65,8.221327,7.278845
15.66,8.224238,7.281756
15.67,8.227194,7.284711
15.68,8.230194,7.287711
15.69,8.233238,7.290756
15.70,8.236327,7.293845
15.71,8.239460,7.296978
15.72,8.242638,7.300156
15.73,8.245860,7.303378
15.74,8.249127,7.306645
15.75,8.252438,7.309956
15.76,8.255794,7.313311
15.77,8.259194,7.316711
15.78,8.262638,7.320156
15.79,8.266127,7.323645
15.80,8.269660,7.327178
15.81,8.273238,7.330756
15.82,8.276860,7.334378
15.83,8.280527,7.338045
15.84,8.284238,7.341756
15.85,8.287994,7.345512
15.86,8.291794,7.349312
15.87,8.295638,7.353156
15.88,8.299527,7.357045
15.89,8.303461,7.360978
15.90,8.307438,7.364956
15.91,8.311461,7.368978
15.92,8.315527,7.373045
15.93,8.319638,7.377156
15.94,8.323794,7.381312
15.95,8.327994,7.385512
15.96,8.332239,7.389756
15.97,8.336527,7.394045
15.98,8.340861,7.398379
15.99,8.345239,7.402756
16.00,8.349661,7.407179
16.01,8.354128,7.411645
16.02,8.358639,7.416156
16.03,8.363194,7.420712
16.04,8.367794,7.425312
16.05,8.372439,7.429956
16.06,8.377128,7.434645
16.07,8.381861,7.439379
16.08,8.386639,7.444157
16.09,8.391461,7.448979
16.10,8.396328,7.453845
16.11,8.401239,7.458757
16.12,8.406194,7.463712
16.13,8.411194,7.468712
16.14,8.416239,7.473757
16.15,8.421328,7.478846
16.16,8.426461,7.483979
16.17,8.431639,7.489157
16.18,8.436861,7.494379
16.19,8.442128,7.499646
16.20,8.447439,7.504957
16.21,8.452795,7.510312
16.22,8.458195,7.515712
16.23,8.463639,7.521157
16.24,8.469128,7.526646
16.25,8.474661,7.532179
16.26,8.480239,7.537757
16.27,8.485862,7.543379
16.28,8.491528,7.549046
16.29,8.497239,7.554757
16.30,8.502995,7.560513
16.31,8.508795,7.566313
16.32,8.514639,7.572157
16.33,8.520528,7.578046
16.34,8.526462,7.583979
16.35,8.532440,7.589957
16.36,8.538462,7.595980
16.37,8.544528,7.602046
16.38,8.550640,7.608157
16.39,8.556795,7.614313
16.40,8.562995,7.620513
16.41,8.569240,7.626757
16.42,8.575529,7.633046
16.43,8.581862,7.639380
16.44,8.588240,7.645758
16.45,8.594662,7.652180
16.46,8.601129,7.658647
16.47,8.607640,7.665158
16.48,8.614195,7.671713
16.49,8.620796,7.678313
16.50,8.627440,7.684958
16.51,8.634084,7.691602
16.52,8.640685,7.698202
16.53,8.647240,7.704758
16.54,8.653751,7.711269
16.55,8.660218,7.717736
16.56,8.666640,7.724158
16.57,8.673018,7.730536
16.58,8.679351,7.736869
16.59,8.685640,7.743158
16.60,8.691885,7.749403
16.61,8.698085,7.755603
16.62,8.704240,7.761758
16.63,8.710352,7.767869
16.64,8.716418,7.773936
16.65,8.722440,7.779958
16.66,8.728418,7.785936
16.67,8.734352,7.791869
16.68,8.740241,7.797758
16.69,8.746085,7.803603
16.70,8.751885,7.809403
16.71,8.757641,7.815158
16.72,8.763352,7.820870
16.73,8.769018,7.826536
16.74,8.774641,7.832158
16.75,8.780219,7.837736
16.76,8.785752,7.843270
16.77,8.791241,7.848759
16.78,8.796685,7.854203
16.79,8.802085,7.859603
16.80,8.807441,7.864959
16.81,8.812752,7.870270
16.82,8.818019,7.875536
16.83,8.823241,7.880759
16.84,8.828419,7.885937
16.85,8.833552,7.891070
16.86,8.838641,7.896159
16.87,8.843686,7.901203
16.88,8.848686,7.906203
16.89,8.853641,7.911159
16.90,8.858552,7.916070
16.91,8.863419,7.920937
16.92,8.868241,7.925759
16.93,8.873019,7.930537
16.94,8.877752,7.935270
16.95,8.882441,7.939959
16.96,8.887086,7.944603
16.97,8.891686,7.949204
16.98,8.896241,7.953759
16.99,8.900752,7.958270
17.00,8.905219,7.962737
17.01,8.909641,7.967159
17.02,8.914019,7.971537
17.03,8.918353,7.975870
17.04,8.922641,7.980159
17.05,8.926886,7.984404
17.06,8.931086,7.988604
17.07,8.935242,7.992759
17.08,8.939353,7.996870
17.09,8.943419,8.000937
17.10,8.947442,8.004959
17.11,8.951419,8.008937
17.12,8.955353,8.012871
17.13,8.959242,8.016759
17.14,8.963086,8.020604
17.15,8.966886,8.024404
17.16,8.970642,8.028159
17.17,8.974353,8.031871
17.18,8.978020,8.035537
17.19,8.981642,8.039160
17.20,8.985220,8.042737
17.21,8.988753,8.046271
17.22,8.992242,8.049760
17.23,8.995686,8.053204
17.24,8.999086,8.056604
17.25,9.002442,8.059960
17.26,9.005753,8.063271
17.27,9.009020,8.066537
17.28,9.012242,8.069760
17.29,9.015420,8.072937
17.30,9.018553,8.076071
17.31,9.021642,8.079160
17.32,9.024686,8.082204
17.33,9.027686,8.085204
17.34,9.030642,8.088160
17.35,9.033553,8.091071
17.36,9.036420,8.093938
17.37,9.039242,8.096760
17.38,9.042020,8.099538
17.39,9.044753,8.102271
17.40,9.047442,8.104960
17.41,9.050087,8.107604
17.42,9.052687,8.110204
17.43,9.055242,8.112760
17.44,9.057753,8.115271
17.45,9.060220,8.117738
17.46,9.062642,8.120160
17.47,9.065020,8.122538
17.48,9.067353,8.124871
17.49,9.069642,8.127160
17.50,9.071887,8.129404
17.51,9.074087,8.131604
17.52,9.076242,8.133760
17.53,9.078353,8.135871
17.54,9.080420,8.137938
17.55,9.082442,8.139960
17.56,9.084420,8.141938
17.57,9.086353,8.143871
17.58,9.088242,8.145760
17.59,9.090087,8.147605
17.60,9.091887,8.149405
17.61,9.093642,8.151160
17.62,9.095353,8.152871
17.63,9.097020,8.154538
17.64,9.098642,8.156160
17.65,9.100220,8.157738
17.66,9.101753,8.159271
17.67,9.103242,8.160760
17.68,9.104687,8.162205
17.69,9.106087,8.163605
17.70,9.107442,8.164960
17.71,9.108754,8.166271
17.72,9.110020,8.167538
17.73,9.111242,8.168760
17.74,9.112420,8.169938
17.75,9.113554,8.171071
17.76,9.114642,8.172160
17.77,9.115687,8.173205
17.78,9.116687,8.174205
17.79,9.117642,8.175160
17.80,9.118554,8.176071
17.81,9.119420,8.176938
17.82,9.120242,8.177760
17.83,9.121020,8.178538
17.84,9.121754,8.179271
17.85,9.122442,8.179960
17.86,9.123087,8.180605
17.87,9.123687,8.181205
17.88,9.124242,8.181760
17.89,9.124754,8.182271
17.90,9.125220,8.182738
17.91,9.125642,8.183160
17.92,9.126020,8.183538
17.93,9.126354,8.183871
17.94,9.126642,8.184160
17.95,9.126887,8.184405
17.96,9.127087,8.184605
17.97,9.127242,8.184760
17.98,9.127354,8.184871
17.99,9.127420,8.184938
18.00,9.127443,8.184960
18.01,9.127472,8.184982
18.02,9.127560,8.185047
18.03,9.127708,8.185156
18.04,9.127914,8.185309
18.05,9.128180,8.185505
18.06,9.128504,8.185745
18.07,9.128888,8.186028
18.08,9.129330,8.186355
18.09,9.129831,8.186726
18.10,9.130392,8.187140
18.11,9.131011,8.187598
18.12,9.131689,8.188099
18.13,9.132427,8.188644
18.14,9.133223,8.189233
18.15,9.134078,8.189865
18.16,9.134993,8.190541
18.17,9.135966,8.191260
18.18,9.136998,8.192023
18.19,9.138089,8.192830
18.20,9.139240,8.193680
18.21,9.140449,8.194574
18.22,9.141717,8.195511
18.23,9.143044,8.196492
18.24,9.144430,8.197516
18.25,9.145875,8.198584
18.26,9.147379,8.199696
18.27,9.148943,8.200852
18.28,9.150565,8.202051
18.29,9.152246,8.203293
18.30,9.153986,8.204579
18.31,9.155785,8.205909
18.32,9.157643,8.207282
18.33,9.159560,8.208699
18.34,9.161536,8.210160
18.35,9.163571,8.211664
18.36,9.165665,8.213211
18.37,9.167818,8.214803
18.38,9.170030,8.216438
18.39,9.172301,8.218116
18.40,9.174631,8.219838
18.41,9.177020,8.221604
18.42,9.179467,8.223413
18.43,9.181974,8.225266
18.44,9.184540,8.227163
18.45,9.187165,8.229103
18.46,9.189849,8.231087
18.47,9.192592,8.233114
18.48,9.195393,8.235185
18.49,9.198254,8.237299
18.50,9.201174,8.239457
18.51,9.204153,8.241659
18.52,9.207190,8.243904
18.53,9.210287,8.246193
18.54,9.213443,8.248526
18.55,9.216658,8.250902
18.56,9.219931,8.253321
18.57,9.223264,8.255785
18.58,9.226656,8.258291
18.59,9.230106,8.260842
18.60,9.233616,8.263436
18.61,9.237184,8.266074
18.62,9.240812,8.268755
18.63,9.244499,8.271480
18.64,9.248244,8.274248
18.65,9.252049,8.277060
18.66,9.255912,8.279916
18.67,9.259835,8.282815
18.68,9.263816,8.285758
18.69,9.267857,8.288744
18.70,9.271956,8.291774
18.71,9.276115,8.294848
18.72,9.280332,8.297965
18.73,9.284608,8.301126
18.74,9.288944,8.304330
18.75,9.293338,8.307578
18.76,9.297792,8.310870
18.77,9.302304,8.314205
18.78,9.306875,8.317584
18.79,9.311506,8.321007
18.80,9.316195,8.324473
18.81,9.320943,8.327982
18.82,9.325751,8.331535
18.83,9.330617,8.335132
18.84,9.335542,8.338773
18.85,9.340526,8.342457
18.86,9.345570,8.346184
18.87,9.350672,8.349955
18.88,9.355833,8.353770
18.89,9.361053,8.357629
18.90,9.366332,8.361531
18.91,9.371670,8.365476
18.92,9.377068,8.369465
18.93,9.382524,8.373498
18.94,9.388039,8.377574
18.95,9.393613,8.381694
18.96,9.399246,8.385858
18.97,9.404938,8.390065
18.98,9.410689,8.394316
18.99,9.416499,8.398610
19.00,9.422368,8.402948
19.01,9.428296,8.407330
19.02,9.434283,8.411755
19.03,9.440329,8.416224
19.04,9.446434,8.420736
19.05,9.452598,8.425292
19.06,9.458821,8.429892
19.07,9.465103,8.434535
19.08,9.471444,8.439221
19.09,9.477844,8.443952
19.10,9.484303,8.448726
19.11,9.490820,8.453543
19.12,9.497397,8.458404
19.13,9.504033,8.463309
19.14,9.510728,8.468257
19.15,9.517482,8.473249
19.16,9.524295,8.478285
19.17,9.531166,8.483364
19.18,9.538097,8.488487
19.19,9.545087,8.493653
19.20,9.552136,8.498863
19.21,9.559243,8.504116
19.22,9.566410,8.509414
19.23,9.573636,8.514754
19.24,9.580920,8.520139
19.25,9.588264,8.525567
19.26,9.595667,8.531038
19.27,9.603128,8.536553
19.28,9.610649,8.542112
19.29,9.618228,8.547714
19.30,9.625867,8.553360
19.31,9.633565,8.559049
19.32,9.641321,8.564783
19.33,9.649137,8.570559
19.34,9.657011,8.576380
19.35,9.664945,8.582243
19.36,9.672937,8.588151
19.37,9.680989,8.594102
19.38,9.689099,8.600097
19.39,9.697268,8.606135
19.40,9.705497,8.612217
19.41,9.713784,8.618342
19.42,9.722131,8.624511
19.43,9.730536,8.630724
19.44,9.739000,8.636980
19.45,9.747524,8.643280
19.46,9.756106,8.649623
19.47,9.764747,8.656011
19.48,9.773448,8.662441
19.49,9.782207,8.668915
19.50,9.791025,8.675433
19.51,9.799903,8.681995
19.52,9.808839,8.688600
19.53,9.817834,8.695248
19.54,9.826888,8.701941
19.55,9.836002,8.708676
19.56,9.845174,8.715456
19.57,9.854405,8.722279
19.58,9.863695,8.729145
19.59,9.873044,8.736056
19.60,9.882452,8.743010
19.61,9.891919,8.750007
19.62,9.901446,8.757048
19.63,9.911031,8.764133
19.64,9.920675,8.771261
19.65,9.930378,8.778433
19.66,9.940140,8.785648
19.67,9.949961,8.792907
19.68,9.959841,8.800210
19.69,9.969780,8.807556
19.70,9.979778,8.814946
19.71,9.989835,8.822379
19.72,9.999951,8.829856
19.73,10.010126,8.837377
19.74,10.020360,8.844941
19.75,10.030653,8.852548
19.76,10.040945,8.860156
19.77,10.051179,8.867720
19.78,10.061354,8.875241
19.79,10.071470,8.882718
19.80,10.081527,8.890151
19.81,10.091525,8.897541
19.82,10.101464,8.904887
19.83,10.111344,8.912190
19.84,10.121165,8.919449
19.85,10.130927,8.926664
19.86,10.140630,8.933836
19.87,10.150274,8.940964
19.88,10.159859,8.948049
19.89,10.169386,8.955090
19.90,10.178853,8.962087
19.91,10.188261,8.969041
19.92,10.197610,8.975952
19.93,10.206900,8.982818
19.94,10.216131,8.989641
19.95,10.225303,8.996421
19.96,10.234417,9.003156
19.97,10.243471,9.009849
19.98,10.252466,9.016497
19.99,10.261402,9.023102
20.00,10.270280,9.029664
20.01,10.279098,9.036182
20.02,10.287857,9.042656
20.03,10.296558,9.049086
20.04,10.305199,9.055474
20.05,10.313781,9.061817
20.06,10.322305,9.068117
20.07,10.330769,9.074373
20.08,10.339174,9.080586
20.09,10.347521,9.086755
20.10,10.355808,9.092880
20.11,10.364037,9.098962
20.12,10.372206,9.105000
20.13,10.380316,9.110995
20.14,10.388368,9.116946
20.15,10.396360,9.122854
20.16,10.404294,9.128717
20.17,10.412168,9.134538
20.18,10.419984,9.140314
20.19,10.427740,9.146048
20.20,10.435438,9.151737
20.21,10.443077,9.157383
20.22,10.450656,9.162985
20.23,10.458177,9.168544
20.24,10.465638,9.174059
20.25,10.473041,9.179530
20.26,10.480385,9.184958
20.27,10.487669,9.190343
20.28,10.494895,9.195683
20.29,10.502062,9.200981
20.30,10.509169,9.206234
20.31,10.516218,9.211444
20.32,10.523208,9.216610
20.33,10.530139,9.221733
20.34,10.537010,9.226812
20.35,10.543823,9.231848
20.36,10.550577,9.236840
20.37,10.557272,9.241788
20.38,10.563908,9.246693
20.39,10.570485,9.251554
20.40,10.577002,9.256371
20.41,10.583461,9.261145
20.42,10.589861,9.265876
20.43,10.596202,9.270562
20.44,10.602484,9.275205
20.45,10.608707,9.279805
20.46,10.614871,9.284361
20.47,10.620976,9.288873
20.48,10.627022,9.293342
20.49,10.633009,9.297767
20.50,10.638937,9.302149
20.51,10.644806,9.306487
20.52,10.650616,9.310781
20.53,10.656367,9.315032
20.54,10.662059,9.319239
20.55,10.667692,9.323403
20.56,10.673266,9.327523
20.57,10.678781,9.331599
20.58,10.684237,9.335632
20.59,10.689635,9.339621
20.60,10.694973,9.343566
20.61,10.700252,9.347468
20.62,10.705472,9.351327
20.63,10.710633,9.355142
20.64,10.715735,9.358913
20.65,10.720779,9.362640
20.66,10.725763,9.366324
20.67,10.730688,9.369965
20.68,10.735554,9.373562
20.69,10.740362,9.377115
20.70,10.745110,9.380624
20.71,10.749799,9.384090
20.72,10.754430,9.387513
20.73,10.759001,9.390892
20.74,10.763513,9.394227
20.75,10.767967,9.397518
20.76,10.772361,9.400767
20.77,10.776697,9.403971
20.78,10.780973,9.407132
20.79,10.785190,9.410249
20.80,10.789349,9.413323
20.81,10.793448,9.416353
20.82,10.797489,9.419339
20.83,10.801470,9.422282
20.84,10.805393,9.425181
20.85,10.809256,9.428037
20.86,10.813061,9.430849
20.87,10.816806,9.433617
20.88,10.820493,9.436342
20.89,10.824121,9.439023
20.90,10.827689,9.441661
20.91,10.831199,9.444255
20.92,10.834649,9.446806
20.93,10.838041,9.449312
20.94,10.841374,9.451776
20.95,10.844647,9.454195
20.96,10.847862,9.456571
20.97,10.851018,9.458904
20.98,10.854115,9.461193
20.99,10.857152,9.463438
21.00,10.860131,9.465640
21.01,10.863051,9.467798
21.02,10.865912,9.469912
21.03,10.868713,9.471983
21.04,10.871456,9.474010
21.05,10.874140,9.475994
21.06,10.876765,9.477934
21.07,10.879331,9.479831
21.08,10.881838,9.481684
21.09,10.884285,9.483493
21.10,10.886674,9.485259
21.11,10.889004,9.486981
21.12,10.891275,9.488659
21.13,10.893487,9.490294
21.14,10.895640,9.491886
21.15,10.897734,9.493433
21.16,10.899769,9.494937
21.17,10.901745,9.496398
21.18,10.903662,9.497815
21.19,10.905520,9.499188
21.20,10.907319,9.500518
21.21,10.909059,9.501804
21.22,10.910740,9.503046
21.23,10.912362,9.504245
21.24,10.913926,9.505401
21.25,10.915430,9.506512
21.26,10.916875,9.507581
21.27,10.918261,9.508605
21.28,10.919588,9.509586
21.29,10.920856,9.510523
21.30,10.922065,9.511417
21.31,10.923216,9.512267
21.32,10.924307,9.513074
21.33,10.925339,9.513837
21.34,10.926312,9.514556
21.35,10.927227,9.515232
21.36,10.928082,9.515864
21.37,10.928878,9.516453
21.38,10.929616,9.516998
21.39,10.930294,9.517499
21.40,10.930913,9.517957
21.41,10.931474,9.518371
21.42,10.931975,9.518742
21.43,10.932417,9.519069
21.44,10.932801,9.519352
21.45,10.933125,9.519592
21.46,10.933391,9.519788
21.47,10.933597,9.519941
21.48,10.933745,9.520050
21.49,10.933833,9.520115
21.50,10.933863,9.520137
21.51,10.933887,9.520161
21.52,10.933960,9.520235
21.53,10.934083,9.520357
21.54,10.934254,9.520529
21.55,10.934475,9.520749
21.56,10.934744,9.521018
21.57,10.935063,9.521337
21.58,10.935430,9.521704
21.59,10.935846,9.522120
21.60,10.936311,9.522586
21.61,10.936826,9.523100
21.62,10.937389,9.523663
21.63,10.938001,9.524276
21.64,10.938663,9.524937
21.65,10.939373,9.525647
21.66,10.940132,9.526406
21.67,10.940940,9.527214
21.68,10.941797,9.528071
21.69,10.942703,9.528978
21.70,10.943658,9.529933
21.71,10.944663,9.530937
21.72,10.945716,9.531990
21.73,10.946818,9.533092
21.74,10.947969,9.534243
21.75,10.949169,9.535443
21.76,10.950418,9.536692
21.77,10.951716,9.537990
21.78,10.953063,9.539337
21.79,10.954458,9.540733
21.80,10.955903,9.542178
21.81,10.957397,9.543671
21.82,10.958940,9.545214
21.83,10.960532,9.546806
21.84,10.962173,9.548447
21.85,10.963863,9.550137
21.86,10.965601,9.551876
21.87,10.967389,9.553663
21.88,10.969226,9.555500
21.89,10.971111,9.557386
21.90,10.973046,9.559320
21.91,10.975030,9.561304
21.92,10.977063,9.563337
21.93,10.979144,9.565418
21.94,10.981275,9.567549
21.95,10.983454,9.569729
21.96,10.985683,9.571957
21.97,10.987960,9.574235
21.98,10.990287,9.576561
21.99,10.992663,9.578937
22.00,10.995087,9.581361
22.01,10.997560,9.583835
22.02,11.000083,9.586357
22.03,11.002654,9.588929
22.04,11.005275,9.591549
22.05,11.007944,9.594218
22.06,11.010663,9.596937
22.07,11.013430,9.599704
22.08,11.016246,9.602520
22.09,11.019111,9.605386
22.10,11.022026,9.608300
22.11,11.024989,9.611263
22.12,11.028001,9.614276
22.13,11.031063,9.617337
22.14,11.034173,9.620447
22.15,11.037332,9.623606
22.16,11.040540,9.626814
22.17,11.043797,9.630071
22.18,11.047103,9.633378
22.19,11.050458,9.636733
22.20,11.053863,9.640137
22.21,11.057316,9.643590
22.22,11.060818,9.647092
22.23,11.064369,9.650643
22.24,11.067969,9.654243
22.25,11.071618,9.657892
22.26,11.075316,9.661590
22.27,11.079063,9.665337
22.28,11.082858,9.669133
22.29,11.086703,9.672978
22.30,11.090597,9.676871
22.31,11.094540,9.680814
22.32,11.098532,9.684806
22.33,11.102573,9.688847
22.34,11.106663,9.692937
22.35,11.110801,9.697076
22.36,11.114989,9.701263
22.37,11.119226,9.705500
22.38,11.123512,9.709786
22.39,11.127846,9.714120
22.40,11.132230,9.718504
22.41,11.136663,9.722937
22.42,11.141144,9.727418
22.43,11.145675,9.731949
22.44,11.150254,9.736529
22.45,11.154883,9.741157
22.46,11.159560,9.745835
22.47,11.164287,9.750561
22.48,11.169063,9.755337
22.49,11.173887,9.760161
22.50,11.178761,9.765035
22.51,11.183683,9.769957
22.52,11.188654,9.774929
22.53,11.193675,9.779949
22.54,11.198744,9.785018
22.55,11.203863,9.790137
22.56,11.209030,9.795304
22.57,11.214246,9.800520
22.58,11.219512,9.805786
22.59,11.224826,9.811100
22.60,11.230189,9.816463
22.61,11.235601,9.821876
22.62,11.241063,9.827337
22.63,11.246573,9.832847
22.64,11.252132,9.838406
22.65,11.257740,9.844014
22.66,11.263397,9.849671
22.67,11.269103,9.855378
22.68,11.274858,9.861133
22.69,11.280663,9.866937
22.70,11.286516,9.872790
22.71,11.292418,9.878692
22.72,11.298369,9.884643
22.73,11.304369,9.890643
22.74,11.310418,9.896692
22.75,11.316516,9.902790
22.76,11.322663,9.908937
22.77,11.328858,9.915133
22.78,11.335103,9.921378
22.79,11.341397,9.927672
22.80,11.347740,9.934014
22.81,11.354132,9.940406
22.82,11.360573,9.946847
22.83,11.367063,9.953337
22.84,11.373601,9.959876
22.85,11.380189,9.966463
22.86,11.386826,9.973100
22.87,11.393512,9.979786
22.88,11.400246,9.986521
22.89,11.407030,9.993304
22.90,11.413863,10.000137
22.91,11.420744,10.007018
22.92,11.427675,10.013949
22.93,11.434654,10.020929
22.94,11.441683,10.027957
22.95,11.448761,10.035035
22.96,11.455887,10.042161
22.97,11.463063,10.049337
22.98,11.470287,10.056561
22.99,11.477561,10.063835
23.00,11.484883,10.071157
23.01,11.492254,10.078529
23.02,11.499675,10.085949
23.03,11.507144,10.093418
23.04,11.514663,10.100937
23.05,11.522230,10.108504
23.06,11.529846,10.116121
23.07,11.537512,10.123786
23.08,11.545226,10.131500
23.09,11.552989,10.139263
23.10,11.560801,10.147076
23.11,11.568663,10.154937
23.12,11.576573,10.162847
23.13,11.584532,10.170806
23.14,11.592540,10.178814
23.15,11.600597,10.186872
23.16,11.608703,10.194978
23.17,11.616859,10.203133
23.18,11.625063,10.211337
23.19,11.633316,10.219590
23.20,11.641618,10.227892
23.21,11.649969,10.236243
23.22,11.658369,10.244643
23.23,11.666818,10.253092
23.24,11.675316,10.261590
23.25,11.683863,10.270137
23.26,11.692410,10.278684
23.27,11.700908,10.287182
23.28,11.709357,10.295631
23.29,11.717757,10.304031
23.30,11.726108,10.312382
23.31,11.734410,10.320684
23.32,11.742663,10.328937
23.33,11.750867,10.337141
23.34,11.759022,10.345296
23.35,11.767128,10.353402
23.36,11.775185,10.361459
23.37,11.783193,10.369468
23.38,11.791152,10.377427
23.39,11.799063,10.385337
23.40,11.806924,10.393198
23.41,11.814736,10.401010
23.42,11.822499,10.408774
23.43,11.830214,10.416488
23.44,11.837879,10.424153
23.45,11.845495,10.431770
23.46,11.853063,10.439337
23.47,11.860581,10.446855
23.48,11.868050,10.454325
23.49,11.875471,10.461745
23.50,11.882842,10.469117
23.51,11.890165,10.476439
23.52,11.897438,10.483712
23.53,11.904663,10.490937
23.54,11.911838,10.498112
23.55,11.918965,10.505239
23.56,11.926042,10.512317
23.57,11.933071,10.519345
23.58,11.940050,10.526325
23.59,11.946981,10.533255
23.60,11.953863,10.540137
23.61,11.960695,10.546970
23.62,11.967479,10.553753
23.63,11.974214,10.560488
23.64,11.980899,10.567174
23.65,11.987536,10.573810
23.66,11.994124,10.580398
23.67,12.000663,10.586937
23.68,12.007152,10.593427
23.69,12.013593,10.599868
23.70,12.019985,10.606259
23.71,12.026328,10.612602
23.72,12.032622,10.618896
23.73,12.038867,10.625141
23.74,12.045063,10.631337
23.75,12.051210,10.637484
23.76,12.057308,10.643582
23.77,12.063357,10.649631
23.78,12.069357,10.655631
23.79,12.075308,10.661582
23.80,12.081210,10.667484
23.81,12.087063,10.673337
23.82,12.092867,10.679141
23.83,12.098622,10.684896
23.84,12.104328,10.690602
23.85,12.109985,10.696259
23.86,12.115593,10.701868
23.87,12.121152,10.707427
23.88,12.126663,10.712937
23.89,12.132124,10.718398
23.90,12.137536,10.723810
23.91,12.142899,10.729174
23.92,12.148214,10.734488
23.93,12.153479,10.739753
23.94,12.158695,10.744970
23.95,12.163863,10.750137
23.96,12.168981,10.755255
23.97,12.174050,10.760325
23.98,12.179071,10.765345
23.99,12.184042,10.770317
24.00,12.188965,10.775239
24.01,12.193838,10.780112
24.02,12.198663,10.784937
24.03,12.203438,10.789712
24.04,12.208165,10.794439
24.05,12.212842,10.799117
24.06,12.217471,10.803745
24.07,12.222050,10.808325
24.08,12.226581,10.812855
24.09,12.231063,10.817337
24.10,12.235495,10.821770
24.11,12.239879,10.826153
24.12,12.244214,10.830488
24.13,12.248499,10.834774
24.14,12.252736,10.839010
24.15,12.256924,10.843198
24.16,12.261063,10.847337
24.17,12.265153,10.851427
24.18,12.269193,10.855468
24.19,12.273185,10.859459
24.20,12.277128,10.863402
24.21,12.281022,10.867296
24.22,12.284867,10.871141
24.23,12.288663,10.874937
24.24,12.292410,10.878684
24.25,12.296108,10.882382
24.26,12.299757,10.886031
24.27,12.303357,10.889631
24.28,12.306908,10.893182
24.29,12.310410,10.896684
24.30,12.313863,10.900137
24.31,12.317267,10.903541
24.32,12.320622,10.906896
24.33,12.323928,10.910202
24.34,12.327185,10.913459
24.35,12.330393,10.916668
24.36,12.333553,10.919827
24.37,12.336663,10.922937
24.38,12.339724,10.925998
24.39,12.342736,10.929010
24.40,12.345699,10.931974
24.41,12.348614,10.934888
24.42,12.351479,10.937753
24.43,12.354295,10.940570
24.44,12.357063,10.943337
24.45,12.359781,10.946055
24.46,12.362450,10.948725
24.47,12.365071,10.951345
24.48,12.367642,10.953917
24.49,12.370165,10.956439
24.50,12.372638,10.958913
24.51,12.375063,10.961337
24.52,12.377438,10.963713
24.53,12.379765,10.966039
24.54,12.382042,10.968317
24.55,12.384271,10.970545
24.56,12.386450,10.972725
24.57,12.388581,10.974855
24.58,12.390663,10.976937
24.59,12.392695,10.978970
24.60,12.394679,10.980953
24.61,12.396614,10.982888
24.62,12.398499,10.984774
24.63,12.400336,10.986610
24.64,12.402124,10.988398
24.65,12.403863,10.990137
24.66,12.405553,10.991827
24.67,12.407193,10.993468
24.68,12.408785,10.995059
24.69,12.410328,10.996602
24.70,12.411822,10.998096
24.71,12.413267,10.999541
24.72,12.414663,11.000937
24.73,12.416010,11.002284
24.74,12.417308,11.003582
24.75,12.418557,11.004831
24.76,12.419757,11.006031
24.77,12.420908,11.007182
24.78,12.422010,11.008284
24.79,12.423063,11.009337
24.80,12.424067,11.010341
24.81,12.425022,11.011296
24.82,12.425928,11.012202
24.83,12.426785,11.013059
24.84,12.427593,11.013868
24.85,12.428353,11.014627
24.86,12.429063,11.015337
24.87,12.429724,11.015998
24.88,12.430336,11.016610
24.89,12.430899,11.017174
24.90,12.431414,11.017688
24.91,12.431879,11.018153
24.92,12.432295,11.018570
24.93,12.432663,11.018937
24.94,12.432981,11.019255
24.95,12.433251,11.019525
24.96,12.433471,11.019745
24.97,12.433642,11.019917
24.98,12.433765,11.020039
24.99,12.433838,11.020113
25.00,12.433863,11.020137
25.01,12.433885,11.020166
25.02,12.433950,11.020255
25.03,12.434059,11.020402
25.04,12.434212,11.020609
25.05,12.434408,11.020874
25.06,12.434648,11.021199
25.07,12.434931,11.021582
25.08,12.435258,11.022025
25.09,12.435628,11.022526
25.10,12.436043,11.023086
25.11,12.436500,11.023706
25.12,12.437002,11.024384
25.13,12.437547,11.025121
25.14,12.438135,11.025918
25.15,12.438767,11.026773
25.16,12.439443,11.027687
25.17,12.440163,11.028660
25.18,12.440926,11.029693
25.19,12.441732,11.030784
25.20,12.442582,11.031934
25.21,12.443476,11.033143
25.22,12.444413,11.034411
25.23,12.445394,11.035739
25.24,12.446419,11.037125
25.25,12.447487,11.038570
25.26,12.448599,11.040074
25.27,12.449754,11.041637
25.28,12.450953,11.043259
25.29,12.452196,11.044940
25.30,12.453482,11.046680
25.31,12.454811,11.048479
25.32,12.456185,11.050337
25.33,12.457602,11.052254
25.34,12.459062,11.054230
25.35,12.460566,11.056265
25.36,12.462114,11.058359
25.37,12.463705,11.060512
25.38,12.465340,11.062724
25.39,12.467019,11.064995
25.40,12.468741,11.067325
25.41,12.470507,11.069714
25.42,12.472316,11.072162
25.43,12.474169,11.074669
25.44,12.476065,11.077235
25.45,12.478005,11.079859
25.46,12.479989,11.082543
25.47,12.482016,11.085286
25.48,12.484087,11.088088
25.49,12.486202,11.090949
25.50,12.488360,11.093868
25.51,12.490561,11.096847
25.52,12.492807,11.099885
25.53,12.495096,11.102982
25.54,12.497428,11.106137
25.55,12.499804,11.109352
25.56,12.502224,11.112626
25.57,12.504687,11.115958
25.58,12.507194,11.119350
25.59,12.509744,11.122801
25.60,12.512338,11.126310
25.61,12.514976,11.129879
25.62,12.517657,11.133506
25.63,12.520382,11.137193
25.64,12.523151,11.140939
25.65,12.525963,11.144743
25.66,12.528818,11.148607
25.67,12.531718,11.152529
25.68,12.534660,11.156511
25.69,12.537647,11.160551
25.70,12.540677,11.164651
25.71,12.543751,11.168809
25.72,12.546868,11.173026
25.73,12.550029,11.177303
25.74,12.553233,11.181638
25.75,12.556481,11.186033
25.76,12.559773,11.190486
25.77,12.563108,11.194998
25.78,12.566487,11.199570
25.79,12.569909,11.204200
25.80,12.573375,11.208889
25.81,12.576885,11.213638
25.82,12.580438,11.218445
25.83,12.584035,11.223311
25.84,12.587675,11.228237
25.85,12.591359,11.233221
25.86,12.595087,11.238264
25.87,12.598858,11.243366
25.88,12.602673,11.248527
25.89,12.606531,11.253748
25.90,12.610433,11.259027
25.91,12.614379,11.264365
25.92,12.618368,11.269762
25.93,12.622401,11.275218
25.94,12.626477,11.280733
25.95,12.630597,11.286307
25.96,12.634760,11.291941
25.97,12.638968,11.297633
25.98,12.643218,11.303384
25.99,12.647513,11.309194
26.00,12.651851,11.315063
26.01,12.656232,11.320991
26.02,12.660657,11.326978
26.03,12.665126,11.333024
26.04,12.669639,11.339129
26.05,12.674195,11.345293
26.06,12.678794,11.351516
26.07,12.683437,11.357797
26.08,12.688124,11.364138
26.09,12.692854,11.370538
26.10,12.697628,11.376997
26.11,12.702446,11.383515
26.12,12.707307,11.390092
26.13,12.712212,11.396728
26.14,12.717160,11.403422
26.15,12.722152,11.410176
26.16,12.727187,11.416989
26.17,12.732267,11.423861
26.18,12.737389,11.430792
26.19,12.742556,11.437781
26.20,12.747765,11.444830
26.21,12.753019,11.451938
26.22,12.758316,11.459104
26.23,12.763657,11.466330
26.24,12.769041,11.473615
26.25,12.774469,11.480958
26.26,12.779940,11.488361
26.27,12.785456,11.495823
26.28,12.791014,11.503343
26.29,12.796617,11.510923
26.30,12.802262,11.518561
26.31,12.807952,11.526259
26.32,12.813685,11.534016
26.33,12.819462,11.541831
26.34,12.825282,11.549706
26.35,12.831146,11.557639
26.36,12.837053,11.565632
26.37,12.843004,11.573683
26.38,12.848999,11.581794
26.39,12.855037,11.589963
26.40,12.861119,11.598191
26.41,12.867245,11.606479
26.42,12.873414,11.614825
26.43,12.879626,11.623231
26.44,12.885883,11.631695
26.45,12.892183,11.640218
26.46,12.898526,11.648801
26.47,12.904913,11.657442
26.48,12.911344,11.666142
26.49,12.917818,11.674902
26.50,12.924336,11.683720
26.51,12.930897,11.692597
26.52,12.937502,11.701533
26.53,12.944151,11.710529
26.54,12.950843,11.719583
26.55,12.957579,11.728696
26.56,12.964358,11.737868
26.57,12.971181,11.747099
26.58,12.978048,11.756390
26.59,12.984958,11.765739
26.60,12.991912,11.775147
26.61,12.998909,11.784614
26.62,13.005950,11.794140
26.63,13.013035,11.803725
26.64,13.020163,11.813369
26.65,13.027335,11.823072
26.66,13.034550,11.832834
26.67,13.041809,11.842655
26.68,13.049112,11.852535
26.69,13.056458,11.862474
26.70,13.063848,11.872472
26.71,13.071281,11.882529
26.72,13.078758,11.892645
26.73,13.086279,11.902820
26.74,13.093843,11.913054
26.75,13.101451,11.923347
26.76,13.109059,11.933640
26.77,13.116623,11.943874
26.78,13.124144,11.954049
26.79,13.131621,11.964165
26.80,13.139054,11.974222
26.81,13.146444,11.984220
26.82,13.153790,11.994159
26.83,13.161093,12.004039
26.84,13.168352,12.013860
26.85,13.175567,12.023622
26.86,13.182739,12.033325
26.87,13.189867,12.042969
26.88,13.196952,12.052554
26.89,13.203993,12.062080
26.90,13.210990,12.071547
26.91,13.217944,12.080955
26.92,13.224854,12.090304
26.93,13.231721,12.099595
26.94,13.238544,12.108826
26.95,13.245323,12.117998
26.96,13.252059,12.127111
26.97,13.258751,12.136165
26.98,13.265400,12.145161
26.99,13.272005,12.154097
27.00,13.278566,12.162974
27.01,13.285084,12.171792
27.02,13.291558,12.180552
27.03,13.297989,12.189252
27.04,13.304376,12.197893
27.05,13.310719,12.206476
27.06,13.317019,12.214999
27.07,13.323276,12.223463
27.08,13.329488,12.231869
27.09,13.335657,12.240215
27.10,13.341783,12.248503
27.11,13.347865,12.256731
27.12,13.353903,12.264900
27.13,13.359898,12.273011
27.14,13.365849,12.281062
27.15,13.371756,12.289055
27.16,13.377620,12.296988
27.17,13.383440,12.304863
27.18,13.389217,12.312678
27.19,13.394950,12.320435
27.20,13.400640,12.328133
27.21,13.406285,12.335771
27.22,13.411888,12.343351
27.23,13.417446,12.350871
27.24,13.422962,12.358333
27.25,13.428433,12.365736
27.26,13.433861,12.373079
27.27,13.439245,12.380364
27.28,13.444586,12.387590
27.29,13.449883,12.394756
27.30,13.455137,12.401864
27.31,13.460346,12.408913
27.32,13.465513,12.415902
27.33,13.470635,12.422833
27.34,13.475715,12.429705
27.35,13.480750,12.436518
27.36,13.485742,12.443272
27.37,13.490690,12.449966
27.38,13.495595,12.456602
27.39,13.500456,12.463179
27.40,13.505274,12.469697
27.41,13.510048,12.476156
27.42,13.514778,12.482556
27.43,13.519465,12.488897
27.44,13.524108,12.495178
27.45,13.528707,12.501401
27.46,13.533263,12.507565
27.47,13.537776,12.513670
27.48,13.542245,12.519716
27.49,13.546670,12.525703
27.50,13.551051,12.531631
27.51,13.555389,12.537500
27.52,13.559684,12.543310
27.53,13.563934,12.549061
27.54,13.568142,12.554753
27.55,13.572305,12.560387
27.56,13.576425,12.565961
27.57,13.580501,12.571476
27.58,13.584534,12.576932
27.59,13.588523,12.582329
27.60,13.592469,12.587667
27.61,13.596371,12.592946
27.62,13.600229,12.598167
27.63,13.604044,12.603328
27.64,13.607815,12.608430
27.65,13.611543,12.613473
27.66,13.615227,12.618457
27.67,13.618867,12.623383
27.68,13.622464,12.628249
27.69,13.626017,12.633056
27.70,13.629527,12.637805
27.71,13.632993,12.642494
27.72,13.636415,12.647124
27.73,13.639794,12.651696
27.74,13.643129,12.656208
27.75,13.646421,12.660661
27.76,13.649669,12.665056
27.77,13.652873,12.669391
27.78,13.656034,12.673668
27.79,13.659151,12.677885
27.80,13.662225,12.682043
27.81,13.665255,12.686143
27.82,13.668242,12.690183
27.83,13.671184,12.694165
27.84,13.674084,12.698087
27.85,13.676939,12.701951
27.86,13.679751,12.705755
27.87,13.682520,12.709501
27.88,13.685245,12.713188
27.89,13.687926,12.716815
27.90,13.690564,12.720384
27.91,13.693158,12.723893
27.92,13.695708,12.727344
27.93,13.698215,12.730736
27.94,13.700678,12.734068
27.95,13.703098,12.737342
27.96,13.705474,12.740557
27.97,13.707806,12.743712
27.98,13.710095,12.746809
27.99,13.712341,12.749847
28.00,13.714542,12.752826
28.01,13.716700,12.755745
28.02,13.718815,12.758606
28.03,13.720886,12.761408
28.04,13.722913,12.764151
28.05,13.724897,12.766835
28.06,13.726837,12.769459
28.07,13.728733,12.772025
28.08,13.730586,12.774532
28.09,13.732395,12.776980
28.10,13.734161,12.779369
28.11,13.735883,12.781699
28.12,13.737562,12.783970
28.13,13.739197,12.786182
28.14,13.740788,12.788335
28.15,13.742336,12.790429
28.16,13.743840,12.792464
28.17,13.745300,12.794440
28.18,13.746717,12.796357
28.19,13.748091,12.798215
28.20,13.749420,12.800014
28.21,13.750706,12.801754
28.22,13.751949,12.803435
28.23,13.753148,12.805057
28.24,13.754303,12.806620
28.25,13.755415,12.808124
28.26,13.756483,12.809569
28.27,13.757508,12.810955
28.28,13.758489,12.812283
28.29,13.759426,12.813551
28.30,13.760320,12.814760
28.31,13.761170,12.815910
28.32,13.761976,12.817001
28.33,13.762739,12.818034
28.34,13.763459,12.819007
28.35,13.764135,12.819921
28.36,13.764767,12.820776
28.37,13.765355,12.821573
28.38,13.765900,12.822310
28.39,13.766402,12.822988
28.40,13.766859,12.823608
28.41,13.767274,12.824168
28.42,13.767644,12.824669
28.43,13.767971,12.825112
28.44,13.768254,12.825495
28.45,13.768494,12.825820
28.46,13.768690,12.826085
28.47,13.768843,12.826292
28.48,13.768952,12.826439
28.49,13.769017,12.826528
28.50,13.769039,12.826557
28.51,13.769061,12.826579
28.52,13.769128,12.826646
28.53,13.769239,12.826757
28.54,13.769395,12.826913
28.55,13.769595,12.827113
28.56,13.769839,12.827357
28.57,13.770128,12.827646
28.58,13.770461,12.827979
28.59,13.770839,12.828357
28.60,13.771261,12.828779
28.61,13.771728,12.829246
28.62,13.772239,12.829757
28.63,13.772795,12.830313
28.64,13.773395,12.830913
28.65,13.774039,12.831557
28.66,13.774728,12.832246
28.67,13.775461,12.832979
28.68,13.776239,12.833757
28.69,13.777061,12.834579
28.70,13.777928,12.835446
28.71,13.778839,12.836357
28.72,13.779795,12.837313
28.73,13.780795,12.838313
28.74,13.781839,12.839357
28.75,13.782928,12.840446
28.76,13.784061,12.841579
28.77,13.785239,12.842757
28.78,13.786461,12.843979
28.79,13.787728,12.845246
28.80,13.789039,12.846557
28.81,13.790395,12.847913
28.82,13.791795,12.849313
28.83,13.793239,12.850757
28.84,13.794728,12.852246
28.85,13.796261,12.853779
28.86,13.797839,12.855357
28.87,13.799461,12.856979
28.88,13.801128,12.858646
28.89,13.802839,12.860357
28.90,13.804595,12.862113
28.91,13.806395,12.863913
28.92,13.808239,12.865757
28.93,13.810128,12.867646
28.94,13.812061,12.869579
28.95,13.814039,12.871557
28.96,13.816061,12.873579
28.97,13.818128,12.875646
28.98,13.820239,12.877757
28.99,13.822395,12.879913
29.00,13.824595,12.882113
29.01,13.826839,12.884357
29.02,13.829128,12.886646
29.03,13.831462,12.888979
29.04,13.833839,12.891357
29.05,13.836262,12.893779
29.06,13.838728,12.896246
29.07,13.841239,12.898757
29.08,13.843795,12.901313
29.09,13.846395,12.903913
29.10,13.849039,12.906557
29.11,13.851728,12.909246
29.12,13.854462,12.911979
29.13,13.857239,12.914757
29.14,13.860062,12.917579
29.15,13.862928,12.920446
29.16,13.865839,12.923357
29.17,13.868795,12.926313
29.18,13.871795,12.929313
29.19,13.874839,12.932357
29.20,13.877928,12.935446
29.21,13.881062,12.938579
29.22,13.884239,12.941757
29.23,13.887462,12.944979
29.24,13.890728,12.948246
29.25,13.894039,12.951557
29.26,13.897395,12.954913
29.27,13.900795,12.958313
29.28,13.904239,12.961757
29.29,13.907728,12.965246
29.30,13.911262,12.968779
29.31,13.914839,12.972357
29.32,13.918462,12.975979
29.33,13.922128,12.979646
29.34,13.925839,12.983357
29.35,13.929595,12.987113
29.36,13.933395,12.990913
29.37,13.937239,12.994757
29.38,13.941128,12.998646
29.39,13.945062,13.002579
29.40,13.949039,13.006557
29.41,13.953062,13.010579
29.42,13.957128,13.014646
29.43,13.961239,13.018757
29.44,13.965395,13.022913
29.45,13.969595,13.027113
29.46,13.973839,13.031357
29.47,13.978128,13.035646
29.48,13.982462,13.039979
29.49,13.986839,13.044357
29.50,13.991262,13.048779
29.51,13.995728,13.053246
29.52,14.000239,13.057757
29.53,14.004795,13.062313
29.54,14.009395,13.066913
29.55,14.014039,13.071557
29.56,14.018728,13.076246
29.57,14.023462,13.080979
29.58,14.028239,13.085757
29.59,14.033062,13.090579
29.60,14.037928,13.095446
29.61,14.042839,13.100357
29.62,14.047795,13.105313
29.63,14.052795,13.110313
29.64,14.057839,13.115357
29.65,14.062928,13.120446
29.66,14.068062,13.125579
29.67,14.073239,13.130757
29.68,14.078462,13.135979
29.69,14.083728,13.141246
29.70,14.089039,13.146557
29.71,14.094395,13.151913
29.72,14.099795,13.157313
29.73,14.105239,13.162757
29.74,14.110728,13.168246
29.75,14.116262,13.173779
29.76,14.121839,13.179357
29.77,14.127462,13.184979
29.78,14.133128,13.190646
29.79,14.138839,13.196357
29.80,14.144595,13.202113
29.81,14.150395,13.207913
29.82,14.156239,13.213757
29.83,14.162128,13.219646
29.84,14.168062,13.225579
29.85,14.174039,13.231557
29.86,14.180062,13.237579
29.87,14.186128,13.243646
29.88,14.192239,13.249757
29.89,14.198395,13.255913
29.90,14.204595,13.262113
29.91,14.210839,13.268357
29.92,14.217128,13.274646
29.93,14.223462,13.280979
29.94,14.229839,13.287357
29.95,14.236262,13.293779
29.96,14.242728,13.300246
29.97,14.249239,13.306757
29.98,14.255795,13.313313
29.99,14.262395,13.319913
30.00,14.269040,13.326557
30.01,14.275684,13.333202
30.02,14.282284,13.339802
30.03,14.288840,13.346357
30.04,14.295351,13.352868
30.05,14.301817,13.359335
30.06,14.308240,13.365757
30.07,14.314617,13.372135
30.08,14.320951,13.378468
30.09,14.327240,13.384757
30.10,14.333484,13.391002
30.11,14.339684,13.397202
30.12,14.345840,13.403357
30.13,14.351951,13.409468
30.14,14.358017,13.415535
30.15,14.364040,13.421557
30.16,14.370017,13.427535
30.17,14.375951,13.433468
30.18,14.381840,13.439357
30.19,14.387684,13.445202
30.20,14.393484,13.451002
30.21,14.399240,13.456757
30.22,14.404951,13.462468
30.23,14.410617,13.468135
30.24,14.416240,13.473757
30.25,14.421817,13.479335
30.26,14.427351,13.484868
30.27,14.432840,13.490357
30.28,14.438284,13.495802
30.29,14.443684,13.501202
30.30,14.449040,13.506557
30.31,14.454351,13.511868
30.32,14.459617,13.517135
30.33,14.464840,13.522357
30.34,14.470017,13.527535
30.35,14.475151,13.532668
30.36,14.480240,13.537757
30.37,14.485284,13.542802
30.38,14.490284,13.547802
30.39,14.495240,13.552757
30.40,14.500151,13.557668
30.41,14.505017,13.562535
30.42,14.509840,13.567357
30.43,14.514617,13.572135
30.44,14.519351,13.576868
30.45,14.524040,13.581557
30.46,14.528684,13.586202
30.47,14.533284,13.590802
30.48,14.537840,13.595357
30.49,14.542351,13.599868
30.50,14.546817,13.604335
30.51,14.551240,13.608757
30.52,14.555617,13.613135
30.53,14.559951,13.617469
30.54,14.564240,13.621757
30.55,14.568484,13.626002
30.56,14.572684,13.630202
30.57,14.576840,13.634357
30.58,14.580951,13.638469
30.59,14.585017,13.642535
30.60,14.589040,13.646557
30.61,14.593017,13.650535
30.62,14.596951,13.654469
30.63,14.600840,13.658357
30.64,14.604684,13.662202
30.65,14.608484,13.666002
30.66,14.612240,13.669757
30.67,14.615951,13.673469
30.68,14.619617,13.677135
30.69,14.623240,13.680757
30.70,14.626817,13.684335
30.71,14.630351,13.687869
30.72,14.633840,13.691357
30.73,14.637284,13.694802
30.74,14.640684,13.698202
30.75,14.644040,13.701557
30.76,14.647351,13.704869
30.77,14.650617,13.708135
30.78,14.653840,13.711357
30.79,14.657017,13.714535
30.80,14.660151,13.717669
30.81,14.663240,13.720757
30.82,14.666284,13.723802
30.83,14.669284,13.726802
30.84,14.672240,13.729757
30.85,14.675151,13.732669
30.86,14.678017,13.735535
30.87,14.680840,13.738357
30.88,14.683617,13.741135
30.89,14.686351,13.743869
30.90,14.689040,13.746557
30.91,14.691684,13.749202
30.92,14.694284,13.751802
30.93,14.696840,13.754357
30.94,14.699351,13.756869
30.95,14.701817,13.759335
30.96,14.704240,13.761757
30.97,14.706617,13.764135
30.98,14.708951,13.766469
30.99,14.711240,13.768757
31.00,14.713484,13.771002
31.01,14.715684,13.773202
31.02,14.717840,13.775357
31.03,14.719951,13.777469
31.04,14.722018,13.779535
31.05,14.724040,13.781557
31.06,14.726018,13.783535
31.07,14.727951,13.785469
31.08,14.729840,13.787357
31.09,14.731684,13.789202
31.10,14.733484,13.791002
31.11,14.735240,13.792757
31.12,14.736951,13.794469
31.13,14.738618,13.796135
31.14,14.740240,13.797757
31.15,14.741818,13.799335
31.16,14.743351,13.800869
31.17,14.744840,13.802357
31.18,14.746284,13.803802
31.19,14.747684,13.805202
31.20,14.749040,13.806557
31.21,14.750351,13.807869
31.22,14.751618,13.809135
31.23,14.752840,13.810357
31.24,14.754018,13.811535
31.25,14.755151,13.812669
31.26,14.756240,13.813757
31.27,14.757284,13.814802
31.28,14.758284,13.815802
31.29,14.759240,13.816757
31.30,14.760151,13.817669
31.31,14.761018,13.818535
31.32,14.761840,13.819357
31.33,14.762618,13.820135
31.34,14.763351,13.820869
31.35,14.764040,13.821557
31.36,14.764684,13.822202
31.37,14.765284,13.822802
31.38,14.765840,13.823357
31.39,14.766351,13.823869
31.40,14.766818,13.824335
31.41,14.767240,13.824757
31.42,14.767618,13.825135
31.43,14.767951,13.825469
31.44,14.768240,13.825757
31.45,14.768484,13.826002
31.46,14.768684,13.826202
31.47,14.768840,13.826357
31.48,14.768951,13.826469
31.49,14.769018,13.826535
31.50,14.769040,13.826558
31.51,14.769040,13.826558
31.52,14.769040,13.826558
31.53,14.769040,13.826558
31.54,14.769040,13.826558
31.55,14.769040,13.826558
31.56,14.769040,13.826558
31.57,14.769040,13.826558
31.58,14.769040,13.826558
31.59,14.769040,13.826558
31.60,14.769040,13.826558
31.61,14.769040,13.826558
31.62,14.769040,13.826558
31.63,14.769040,13.826558
31.64,14.769040,13.826558
31.65,14.769040,13.826558
31.66,14.769040,13.826558
31.67,14.769040,13.826558
31.68,14.769040,13.826558
31.69,14.769040,13.826558
31.70,14.769040,13.826558
31.71,14.769040,13.826558
31.72,14.769040,13.826558
31.73,14.769040,13.826558
31.74,14.769040,13.826558
31.75,14.769040,13.826558
31.76,14.769040,13.826558
31.77,14.769040,13.826558
31.78,14.769040,13.826558
31.79,14.769040,13.826558
31.80,14.769040,13.826558
31.81,14.769040,13.826558
31.82,14.769040,13.826558
31.83,14.769040,13.826558
31.84,14.769040,13.826558
31.85,14.769040,13.826558
31.86,14.769040,13.826558
31.87,14.769040,13.826558
31.88,14.769040,13.826558
31.89,14.769040,13.826558
31.90,14.769040,13.826558
31.91,14.769040,13.826558
31.92,14.769040,13.826558
31.93,14.769040,13.826558
31.94,14.769040,13.826558
31.95,14.769040,13.826558
31.96,14.769040,13.826558
31.97,14.769040,13.826558
31.98,14.769040,13.826558
31.99,14.769040,13.826558
32.00,14.769040,13.826558